datetime_date,datetime_time,mw
2020-10-02,04:00:00,1083.933
2020-10-02,05:00:00,1047.591
2020-10-02,06:00:00,1034.325
2020-10-02,07:00:00,1034.023
2020-10-02,08:00:00,1056.405
2020-10-02,09:00:00,1114.458
2020-10-02,10:00:00,1203.318
2020-10-02,11:00:00,1261.791
2020-10-02,12:00:00,1316.965
2020-10-02,13:00:00,1350.663
2020-10-02,14:00:00,1354.379
2020-10-02,15:00:00,1357.353
2020-10-02,16:00:00,1350.31
2020-10-02,17:00:00,1346.546
2020-10-02,18:00:00,1312.954
2020-10-02,19:00:00,1298.571
2020-10-02,20:00:00,1293.689
2020-10-02,21:00:00,1290.458
2020-10-02,22:00:00,1276.119
2020-10-02,23:00:00,1300.248
2020-10-03,00:00:00,1286.957
2020-10-03,01:00:00,1238.049
2020-10-03,02:00:00,1192.841
2020-10-03,03:00:00,1133.639
2020-10-03,04:00:00,1085.633
2020-10-03,05:00:00,1063.592
2020-10-03,06:00:00,1045.249
2020-10-03,07:00:00,1036.912
2020-10-03,08:00:00,1046.142
2020-10-03,09:00:00,1060.972
2020-10-03,10:00:00,1100.541
2020-10-03,11:00:00,1147.187
2020-10-03,12:00:00,1178.014
2020-10-03,13:00:00,1209.201
2020-10-03,14:00:00,1224.013
2020-10-03,15:00:00,1229.962
2020-10-03,16:00:00,1241.094
2020-10-03,17:00:00,1234.769
2020-10-03,18:00:00,1220.009
2020-10-03,19:00:00,1191.413
2020-10-03,20:00:00,1204.003
2020-10-03,21:00:00,1211.838
2020-10-03,22:00:00,1218.465
2020-10-03,23:00:00,1266.028
2020-10-04,00:00:00,1251.005
2020-10-04,01:00:00,1217.847
2020-10-04,02:00:00,1169.905
2020-10-04,03:00:00,1114.704
2020-10-04,04:00:00,1073.543
2020-10-04,05:00:00,1050.363
2020-10-04,06:00:00,1027.66
2020-10-04,07:00:00,1021.519
2020-10-04,08:00:00,1018.95
2020-10-04,09:00:00,1031.329
2020-10-04,10:00:00,1054.086
2020-10-04,11:00:00,1066.81
2020-10-04,12:00:00,1115.384
2020-10-04,13:00:00,1157.324
2020-10-04,14:00:00,1183.673
2020-10-04,15:00:00,1197.036
2020-10-04,16:00:00,1206.954
2020-10-04,17:00:00,1209.946
2020-10-04,18:00:00,1204.347
2020-10-04,19:00:00,1210.323
2020-10-04,20:00:00,1226.958
2020-10-04,21:00:00,1256.308
2020-10-04,22:00:00,1277.086
2020-10-04,23:00:00,1302.659
2020-10-05,00:00:00,1282.656
2020-10-05,01:00:00,1231.916
2020-10-05,02:00:00,1157.576
2020-10-05,03:00:00,1112.04
2020-10-05,04:00:00,1066.965
2020-10-05,05:00:00,1028.948
2020-10-05,06:00:00,1015.8
2020-10-05,07:00:00,1004.943
2020-10-05,08:00:00,1030.392
2020-10-05,09:00:00,1073.487
2020-10-05,10:00:00,1164.747
2020-10-05,11:00:00,1251.516
2020-10-05,12:00:00,1295.52
2020-10-05,13:00:00,1325.412
2020-10-05,14:00:00,1347.585
2020-10-05,15:00:00,1358.801
2020-10-05,16:00:00,1361.472
2020-10-05,17:00:00,1361.15
2020-10-05,18:00:00,1351.417
2020-10-05,19:00:00,1321.706
2020-10-05,20:00:00,1308.195
2020-10-05,21:00:00,1315.382
2020-10-05,22:00:00,1306.108
2020-10-05,23:00:00,1336.398
2020-10-06,00:00:00,1316.368
2020-10-06,01:00:00,1257.242
2020-10-06,02:00:00,1199.021
2020-10-06,03:00:00,1132.547
2020-10-06,04:00:00,1074.251
2020-10-06,05:00:00,1038.035
2020-10-06,06:00:00,1038.669
2020-10-06,07:00:00,1048.207
2020-10-06,08:00:00,1054.328
2020-10-06,09:00:00,1115.86
2020-10-06,10:00:00,1224.009
2020-10-06,11:00:00,1298.082
2020-10-06,12:00:00,1339.592
2020-10-06,13:00:00,1345.491
2020-10-06,14:00:00,1367.55
2020-10-06,15:00:00,1373.134
2020-10-06,16:00:00,1383.272
2020-10-06,17:00:00,1375.782
2020-10-06,18:00:00,1363.471
2020-10-06,19:00:00,1340.71
2020-10-06,20:00:00,1345.389
2020-10-06,21:00:00,1336.082
2020-10-06,22:00:00,1323.313
2020-10-06,23:00:00,1350.271
2020-10-07,00:00:00,1319.888
2020-10-07,01:00:00,1261.432
2020-10-07,02:00:00,1192.222
2020-10-07,03:00:00,1120.444
2020-10-07,04:00:00,1067.728
2020-10-07,05:00:00,1038.041
2020-10-07,06:00:00,1025.108
2020-10-07,07:00:00,1014.767
2020-10-07,08:00:00,1050.37
2020-10-07,09:00:00,1101.261
2020-10-07,10:00:00,1190.477
2020-10-07,11:00:00,1256.593
2020-10-07,12:00:00,1304.963
2020-10-07,13:00:00,1333.785
2020-10-07,14:00:00,1376.97
2020-10-07,15:00:00,1399.346
2020-10-07,16:00:00,1424.227
2020-10-07,17:00:00,1444.241
2020-10-07,18:00:00,1433.344
2020-10-07,19:00:00,1424.81
2020-10-07,20:00:00,1409.875
2020-10-07,21:00:00,1401.067
2020-10-07,22:00:00,1389.587
2020-10-07,23:00:00,1413.061
2020-10-08,00:00:00,1380.445
2020-10-08,01:00:00,1307.807
2020-10-08,02:00:00,1231.799
2020-10-08,03:00:00,1165.042
2020-10-08,04:00:00,1098.162
2020-10-08,05:00:00,1052.263
2020-10-08,06:00:00,1043.679
2020-10-08,07:00:00,1029.047
2020-10-08,08:00:00,1048.22
2020-10-08,09:00:00,1101.678
2020-10-08,10:00:00,1189.492
2020-10-08,11:00:00,1272.935
2020-10-08,12:00:00,1310.312
2020-10-08,13:00:00,1335.202
2020-10-08,14:00:00,1361.942
2020-10-08,15:00:00,1379.574
2020-10-08,16:00:00,1386.034
2020-10-08,17:00:00,1386.845
2020-10-08,18:00:00,1371.979
2020-10-08,19:00:00,1351.355
2020-10-08,20:00:00,1358.175
2020-10-08,21:00:00,1340.873
2020-10-08,22:00:00,1338.198
2020-10-08,23:00:00,1371.308
2020-10-09,00:00:00,1334.306
2020-10-09,01:00:00,1283.123
2020-10-09,02:00:00,1210.45
2020-10-09,03:00:00,1144.034
2020-10-09,04:00:00,1088.513
2020-10-09,05:00:00,1065.454
2020-10-09,06:00:00,1043.986
2020-10-09,07:00:00,1052.855
2020-10-09,08:00:00,1076.113
2020-10-09,09:00:00,1128.573
2020-10-09,10:00:00,1212.627
2020-10-09,11:00:00,1282.005
2020-10-09,12:00:00,1322.035
2020-10-09,13:00:00,1343.103
2020-10-09,14:00:00,1370.341
2020-10-09,15:00:00,1394.262
2020-10-09,16:00:00,1414.883
2020-10-09,17:00:00,1414.707
2020-10-09,18:00:00,1407.115
2020-10-09,19:00:00,1396.115
2020-10-09,20:00:00,1394.439
2020-10-09,21:00:00,1371.659
2020-10-09,22:00:00,1351.657
2020-10-09,23:00:00,1374.907
2020-10-10,00:00:00,1337.706
2020-10-10,01:00:00,1286.517
2020-10-10,02:00:00,1222.533
2020-10-10,03:00:00,1145.488
2020-10-10,04:00:00,1110.258
2020-10-10,05:00:00,1058.117
2020-10-10,06:00:00,1058.025
2020-10-10,07:00:00,1046.717
2020-10-10,08:00:00,1046.38
2020-10-10,09:00:00,1062.785
2020-10-10,10:00:00,1096.335
2020-10-10,11:00:00,1138.476
2020-10-10,12:00:00,1174.495
2020-10-10,13:00:00,1220.445
2020-10-10,14:00:00,1261.22
2020-10-10,15:00:00,1286.505
2020-10-10,16:00:00,1304.355
2020-10-10,17:00:00,1318.867
2020-10-10,18:00:00,1329.985
2020-10-10,19:00:00,1333.918
2020-10-10,20:00:00,1336.331
2020-10-10,21:00:00,1344.153
2020-10-10,22:00:00,1357.681
2020-10-10,23:00:00,1371.334
2020-10-11,00:00:00,1352.96
2020-10-11,01:00:00,1305.465
2020-10-11,02:00:00,1255.732
2020-10-11,03:00:00,1204.357
2020-10-11,04:00:00,1147.899
2020-10-11,05:00:00,1109.935
2020-10-11,06:00:00,1096.421
2020-10-11,07:00:00,1074.87
2020-10-11,08:00:00,1072.178
2020-10-11,09:00:00,1087.58
2020-10-11,10:00:00,1108.673
2020-10-11,11:00:00,1134.728
2020-10-11,12:00:00,1176.394
2020-10-11,13:00:00,1222.614
2020-10-11,14:00:00,1260.556
2020-10-11,15:00:00,1301.068
2020-10-11,16:00:00,1326.725
2020-10-11,17:00:00,1336.068
2020-10-11,18:00:00,1343.059
2020-10-11,19:00:00,1334.45
2020-10-11,20:00:00,1341.671
2020-10-11,21:00:00,1369.719
2020-10-11,22:00:00,1382.05
2020-10-11,23:00:00,1400.295
2020-10-12,00:00:00,1374.896
2020-10-12,01:00:00,1330.221
2020-10-12,02:00:00,1251.565
2020-10-12,03:00:00,1176.254
2020-10-12,04:00:00,1114.773
2020-10-12,05:00:00,1078.831
2020-10-12,06:00:00,1058.02
2020-10-12,07:00:00,1055.542
2020-10-12,08:00:00,1068.478
2020-10-12,09:00:00,1120.93
2020-10-12,10:00:00,1203.28
2020-10-12,11:00:00,1278.782
2020-10-12,12:00:00,1321.224
2020-10-12,13:00:00,1354.327
2020-10-12,14:00:00,1399.927
2020-10-12,15:00:00,1412.763
2020-10-12,16:00:00,1423.019
2020-10-12,17:00:00,1435.086
2020-10-12,18:00:00,1437.989
2020-10-12,19:00:00,1443.445
2020-10-12,20:00:00,1434.413
2020-10-12,21:00:00,1427.546
2020-10-12,22:00:00,1415.749
2020-10-12,23:00:00,1430.312
2020-10-13,00:00:00,1386.4
2020-10-13,01:00:00,1317.615
2020-10-13,02:00:00,1265.822
2020-10-13,03:00:00,1188.716
2020-10-13,04:00:00,1131.759
2020-10-13,05:00:00,1076.643
2020-10-13,06:00:00,1067.189
2020-10-13,07:00:00,1065.614
2020-10-13,08:00:00,1089.196
2020-10-13,09:00:00,1139.12
2020-10-13,10:00:00,1212.572
2020-10-13,11:00:00,1310.786
2020-10-13,12:00:00,1344.28
2020-10-13,13:00:00,1366.267
2020-10-13,14:00:00,1376.799
2020-10-13,15:00:00,1378.189
2020-10-13,16:00:00,1397.262
2020-10-13,17:00:00,1416.072
2020-10-13,18:00:00,1410.343
2020-10-13,19:00:00,1390.672
2020-10-13,20:00:00,1388.482
2020-10-13,21:00:00,1380.893
2020-10-13,22:00:00,1370.754
2020-10-13,23:00:00,1382.32
2020-10-14,00:00:00,1353.09
2020-10-14,01:00:00,1299.551
2020-10-14,02:00:00,1233.709
2020-10-14,03:00:00,1158.474
2020-10-14,04:00:00,1092.454
2020-10-14,05:00:00,1072.797
2020-10-14,06:00:00,1064.903
2020-10-14,07:00:00,1044.655
2020-10-14,08:00:00,1076.948
2020-10-14,09:00:00,1123.983
2020-10-14,10:00:00,1209.551
2020-10-14,11:00:00,1295.865
2020-10-14,12:00:00,1329.901
2020-10-14,13:00:00,1348.755
2020-10-14,14:00:00,1374.577
2020-10-14,15:00:00,1410.711
2020-10-14,16:00:00,1409.682
2020-10-14,17:00:00,1420.676
2020-10-14,18:00:00,1425.353
2020-10-14,19:00:00,1402.331
2020-10-14,20:00:00,1392.9
2020-10-14,21:00:00,1382.391
2020-10-14,22:00:00,1362.886
2020-10-14,23:00:00,1387.16
2020-10-15,00:00:00,1367.105
2020-10-15,01:00:00,1326.311
2020-10-15,02:00:00,1234.673
2020-10-15,03:00:00,1179.673
2020-10-15,04:00:00,1130.544
2020-10-15,05:00:00,1093.584
2020-10-15,06:00:00,1082.766
2020-10-15,07:00:00,1068.024
2020-10-15,08:00:00,1083.253
2020-10-15,09:00:00,1132.091
2020-10-15,10:00:00,1227.153
2020-10-15,11:00:00,1303.19
2020-10-15,12:00:00,1338.874
2020-10-15,13:00:00,1387.295
2020-10-15,14:00:00,1435.303
2020-10-15,15:00:00,1462.205
2020-10-15,16:00:00,1473.441
2020-10-15,17:00:00,1466.016
2020-10-15,18:00:00,1439.816
2020-10-15,19:00:00,1441.748
2020-10-15,20:00:00,1410.02
2020-10-15,21:00:00,1384.279
2020-10-15,22:00:00,1395.1
2020-10-15,23:00:00,1393.492
2020-10-16,00:00:00,1353.165
2020-10-16,01:00:00,1293.153
2020-10-16,02:00:00,1227.686
2020-10-16,03:00:00,1148.25
2020-10-16,04:00:00,1094.62
2020-10-16,05:00:00,1080.313
2020-10-16,06:00:00,1059.317
2020-10-16,07:00:00,1062.15
2020-10-16,08:00:00,1074.184
2020-10-16,09:00:00,1124.909
2020-10-16,10:00:00,1215.495
2020-10-16,11:00:00,1308.813
2020-10-16,12:00:00,1339.452
2020-10-16,13:00:00,1369.221
2020-10-16,14:00:00,1402.711
2020-10-16,15:00:00,1400.136
2020-10-16,16:00:00,1389.485
2020-10-16,17:00:00,1370.456
2020-10-16,18:00:00,1348.498
2020-10-16,19:00:00,1327.765
2020-10-16,20:00:00,1321.803
2020-10-16,21:00:00,1314.898
2020-10-16,22:00:00,1324.578
2020-10-16,23:00:00,1354.093
2020-10-17,00:00:00,1326.37
2020-10-17,01:00:00,1270.508
2020-10-17,02:00:00,1227.054
2020-10-17,03:00:00,1187.6
2020-10-17,04:00:00,1140.112
2020-10-17,05:00:00,1115.556
2020-10-17,06:00:00,1101.311
2020-10-17,07:00:00,1094.618
2020-10-17,08:00:00,1101.573
2020-10-17,09:00:00,1139.378
2020-10-17,10:00:00,1170.273
2020-10-17,11:00:00,1218.332
2020-10-17,12:00:00,1254.206
2020-10-17,13:00:00,1267.447
2020-10-17,14:00:00,1274.17
2020-10-17,15:00:00,1262.593
2020-10-17,16:00:00,1249.968
2020-10-17,17:00:00,1237.905
2020-10-17,18:00:00,1226.314
2020-10-17,19:00:00,1209.556
2020-10-17,20:00:00,1215.76
2020-10-17,21:00:00,1217.142
2020-10-17,22:00:00,1243.974
2020-10-17,23:00:00,1287.469
2020-10-18,00:00:00,1265.871
2020-10-18,01:00:00,1238.469
2020-10-18,02:00:00,1192.445
2020-10-18,03:00:00,1136.799
2020-10-18,04:00:00,1089.818
2020-10-18,05:00:00,1068.708
2020-10-18,06:00:00,1046.404
2020-10-18,07:00:00,1037.899
2020-10-18,08:00:00,1026.904
2020-10-18,09:00:00,1057.17
2020-10-18,10:00:00,1090.424
2020-10-18,11:00:00,1124.103
2020-10-18,12:00:00,1153.648
2020-10-18,13:00:00,1181.47
2020-10-18,14:00:00,1206.136
2020-10-18,15:00:00,1228.135
2020-10-18,16:00:00,1231.24
2020-10-18,17:00:00,1232.308
2020-10-18,18:00:00,1229.524
2020-10-18,19:00:00,1234.976
2020-10-18,20:00:00,1253.674
2020-10-18,21:00:00,1276.831
2020-10-18,22:00:00,1306.484
2020-10-18,23:00:00,1322.413
2020-10-19,00:00:00,1281.796
2020-10-19,01:00:00,1242.77
2020-10-19,02:00:00,1186.198
2020-10-19,03:00:00,1133.538
2020-10-19,04:00:00,1082.376
2020-10-19,05:00:00,1065.54
2020-10-19,06:00:00,1033.607
2020-10-19,07:00:00,1019.913
2020-10-19,08:00:00,1044.325
2020-10-19,09:00:00,1094.366
2020-10-19,10:00:00,1200.989
2020-10-19,11:00:00,1300.009
2020-10-19,12:00:00,1352.447
2020-10-19,13:00:00,1396.623
2020-10-19,14:00:00,1417.845
2020-10-19,15:00:00,1433.282
2020-10-19,16:00:00,1427.677
2020-10-19,17:00:00,1422.072
2020-10-19,18:00:00,1414.831
2020-10-19,19:00:00,1392.246
2020-10-19,20:00:00,1395.165
2020-10-19,21:00:00,1385.686
2020-10-19,22:00:00,1404.578
2020-10-19,23:00:00,1394.524
2020-10-20,00:00:00,1353.428
2020-10-20,01:00:00,1302.323
2020-10-20,02:00:00,1218.876
2020-10-20,03:00:00,1149.841
2020-10-20,04:00:00,1091.349
2020-10-20,05:00:00,1069.783
2020-10-20,06:00:00,1052.301
2020-10-20,07:00:00,1050.9
2020-10-20,08:00:00,1074.625
2020-10-20,09:00:00,1136.967
2020-10-20,10:00:00,1224.061
2020-10-20,11:00:00,1311.927
2020-10-20,12:00:00,1354.107
2020-10-20,13:00:00,1389.216
2020-10-20,14:00:00,1419.886
2020-10-20,15:00:00,1443.893
2020-10-20,16:00:00,1431.312
2020-10-20,17:00:00,1437.4
2020-10-20,18:00:00,1414.828
2020-10-20,19:00:00,1409.443
2020-10-20,20:00:00,1407.967
2020-10-20,21:00:00,1413.76
2020-10-20,22:00:00,1415.454
2020-10-20,23:00:00,1419.795
2020-10-21,00:00:00,1384.856
2020-10-21,01:00:00,1326.444
2020-10-21,02:00:00,1252.766
2020-10-21,03:00:00,1187.829
2020-10-21,04:00:00,1136.21
2020-10-21,05:00:00,1100.293
2020-10-21,06:00:00,1079.649
2020-10-21,07:00:00,1096.393
2020-10-21,08:00:00,1105.802
2020-10-21,09:00:00,1143.201
2020-10-21,10:00:00,1224.133
2020-10-21,11:00:00,1321.732
2020-10-21,12:00:00,1416.775
2020-10-21,13:00:00,1383.768
2020-10-21,14:00:00,1413.725
2020-10-21,15:00:00,1383.058
2020-10-21,16:00:00,1500.106
2020-10-21,17:00:00,1558.834
2020-10-21,18:00:00,1398.946
2020-10-21,19:00:00,1471.152
2020-10-21,20:00:00,1478.825
2020-10-21,21:00:00,1347.721
2020-10-21,22:00:00,1507.533
2020-10-21,23:00:00,1368.481
2020-10-22,00:00:00,1376.542
2020-10-22,01:00:00,1324.219
2020-10-22,02:00:00,1287.312
2020-10-22,03:00:00,1252.712
2020-10-22,04:00:00,1181.454
2020-10-22,05:00:00,1139.593
2020-10-22,06:00:00,1117.74
2020-10-22,07:00:00,1090.958
2020-10-22,08:00:00,1110.969
2020-10-22,09:00:00,1168.647
2020-10-22,10:00:00,1255.134
2020-10-22,11:00:00,1330.872
2020-10-22,12:00:00,1378.187
2020-10-22,13:00:00,1386.093
2020-10-22,14:00:00,1437.334
2020-10-22,15:00:00,1484.156
2020-10-22,16:00:00,1507.254
2020-10-22,17:00:00,1552.942
2020-10-22,18:00:00,1580.02
2020-10-22,19:00:00,1581.843
2020-10-22,20:00:00,1573.177
2020-10-22,21:00:00,1556.639
2020-10-22,22:00:00,1544.182
2020-10-22,23:00:00,1551.159
2020-10-23,00:00:00,1508.774
2020-10-23,01:00:00,1423.572
2020-10-23,02:00:00,1331.68
2020-10-23,03:00:00,1248.318
2020-10-23,04:00:00,1164.038
2020-10-23,05:00:00,1131.092
2020-10-23,06:00:00,1105.064
2020-10-23,07:00:00,1074.026
2020-10-23,08:00:00,1100.951
2020-10-23,09:00:00,1150.43
2020-10-23,10:00:00,1240.178
2020-10-23,11:00:00,1326.147
2020-10-23,12:00:00,1362.913
2020-10-23,13:00:00,1412.281
2020-10-23,14:00:00,1453.131
2020-10-23,15:00:00,1497.192
2020-10-23,16:00:00,1530.554
2020-10-23,17:00:00,1583.038
2020-10-23,18:00:00,1584.486
2020-10-23,19:00:00,1577.938
2020-10-23,20:00:00,1577.253
2020-10-23,21:00:00,1547.608
2020-10-23,22:00:00,1531.041
2020-10-23,23:00:00,1502.375
2020-10-24,00:00:00,1450.133
2020-10-24,01:00:00,1387.381
2020-10-24,02:00:00,1329.529
2020-10-24,03:00:00,1274.196
2020-10-24,04:00:00,1199.465
2020-10-24,05:00:00,1160.333
2020-10-24,06:00:00,1130.99
2020-10-24,07:00:00,1102.848
2020-10-24,08:00:00,1074.102
2020-10-24,09:00:00,1064.815
2020-10-24,10:00:00,1101.413
2020-10-24,11:00:00,1140.386
2020-10-24,12:00:00,1174.542
2020-10-24,13:00:00,1198.95
2020-10-24,14:00:00,1231.833
2020-10-24,15:00:00,1251.342
2020-10-24,16:00:00,1258.313
2020-10-24,17:00:00,1246.112
2020-10-24,18:00:00,1242.319
2020-10-24,19:00:00,1234.879
2020-10-24,20:00:00,1248.16
2020-10-24,21:00:00,1271.991
2020-10-24,22:00:00,1307.328
2020-10-24,23:00:00,1316.518
2020-10-25,00:00:00,1298.566
2020-10-25,01:00:00,1261.493
2020-10-25,02:00:00,1213.213
2020-10-25,03:00:00,1154.541
2020-10-25,04:00:00,1118.11
2020-10-25,05:00:00,1093.403
2020-10-25,06:00:00,1076.803
2020-10-25,07:00:00,1065.086
2020-10-25,08:00:00,1066.379
2020-10-25,09:00:00,1090.33
2020-10-25,10:00:00,1116.834
2020-10-25,11:00:00,1160.926
2020-10-25,12:00:00,1196.476
2020-10-25,13:00:00,1227.731
2020-10-25,14:00:00,1241.093
2020-10-25,15:00:00,1261.549
2020-10-25,16:00:00,1253.096
2020-10-25,17:00:00,1253.672
2020-10-25,18:00:00,1258
2020-10-25,19:00:00,1245.212
2020-10-25,20:00:00,1277.702
2020-10-25,21:00:00,1303.477
2020-10-25,22:00:00,1355.725
2020-10-25,23:00:00,1342.826
2020-10-26,00:00:00,1315.172
2020-10-26,01:00:00,1276.898
2020-10-26,02:00:00,1229.628
2020-10-26,03:00:00,1174.46
2020-10-26,04:00:00,1119.926
2020-10-26,05:00:00,1094.415
2020-10-26,06:00:00,1081.763
2020-10-26,07:00:00,1083.41
2020-10-26,08:00:00,1098.027
2020-10-26,09:00:00,1147.138
2020-10-26,10:00:00,1249.325
2020-10-26,11:00:00,1364.245
2020-10-26,12:00:00,1386.765
2020-10-26,13:00:00,1408.402
2020-10-26,14:00:00,1425.891
2020-10-26,15:00:00,1428.935
2020-10-26,16:00:00,1451.263
2020-10-26,17:00:00,1423.919
2020-10-26,18:00:00,1422.778
2020-10-26,19:00:00,1387.89
2020-10-26,20:00:00,1396.937
2020-10-26,21:00:00,1408.926
2020-10-26,22:00:00,1439.079
2020-10-26,23:00:00,1405.85
2020-10-27,00:00:00,1384.57
2020-10-27,01:00:00,1325.258
2020-10-27,02:00:00,1253.104
2020-10-27,03:00:00,1163.903
2020-10-27,04:00:00,1096.767
2020-10-27,05:00:00,1091.676
2020-10-27,06:00:00,1070.228
2020-10-27,07:00:00,1075.709
2020-10-27,08:00:00,1095.662
2020-10-27,09:00:00,1152.073
2020-10-27,10:00:00,1246.325
2020-10-27,11:00:00,1335.231
2020-10-27,12:00:00,1367.416
2020-10-27,13:00:00,1419.049
2020-10-27,14:00:00,1411.565
2020-10-27,15:00:00,1412.396
2020-10-27,16:00:00,1424.667
2020-10-27,17:00:00,1407.249
2020-10-27,18:00:00,1432.542
2020-10-27,19:00:00,1421.162
2020-10-27,20:00:00,1409.102
2020-10-27,21:00:00,1426.533
2020-10-27,22:00:00,1442.226
2020-10-27,23:00:00,1425.055
2020-10-28,00:00:00,1399.2
2020-10-28,01:00:00,1331.622
2020-10-28,02:00:00,1260.589
2020-10-28,03:00:00,1203.816
2020-10-28,04:00:00,1187.391
2020-10-28,05:00:00,1151.853
2020-10-28,06:00:00,1146.415
2020-10-28,07:00:00,1142.818
2020-10-28,08:00:00,1144.343
2020-10-28,09:00:00,1205.312
2020-10-28,10:00:00,1296.132
2020-10-28,11:00:00,1383.066
2020-10-28,12:00:00,1427.469
2020-10-28,13:00:00,1458.154
2020-10-28,14:00:00,1492.394
2020-10-28,15:00:00,1493.504
2020-10-28,16:00:00,1485.909
2020-10-28,17:00:00,1474.411
2020-10-28,18:00:00,1466.299
2020-10-28,19:00:00,1435.315
2020-10-28,20:00:00,1432.094
2020-10-28,21:00:00,1431.398
2020-10-28,22:00:00,1466.689
2020-10-28,23:00:00,1455.344
2020-10-29,00:00:00,1423.042
2020-10-29,01:00:00,1361.893
2020-10-29,02:00:00,1314.566
2020-10-29,03:00:00,1240.962
2020-10-29,04:00:00,1179.418
2020-10-29,05:00:00,1145.422
2020-10-29,06:00:00,1131.662
2020-10-29,07:00:00,1124.688
2020-10-29,08:00:00,1142.302
2020-10-29,09:00:00,1217.243
2020-10-29,10:00:00,1298.472
2020-10-29,11:00:00,1369.411
2020-10-29,12:00:00,1439.751
2020-10-29,13:00:00,1476.036
2020-10-29,14:00:00,1479.215
2020-10-29,15:00:00,1512.196
2020-10-29,16:00:00,1503.542
2020-10-29,17:00:00,1497.556
2020-10-29,18:00:00,1493.296
2020-10-29,19:00:00,1481.777
2020-10-29,20:00:00,1487.289
2020-10-29,21:00:00,1466.187
2020-10-29,22:00:00,1482.641
2020-10-29,23:00:00,1468.584
2020-10-30,00:00:00,1439.534
2020-10-30,01:00:00,1380.152
2020-10-30,02:00:00,1300.948
2020-10-30,03:00:00,1242.405
2020-10-30,04:00:00,1163.708
2020-10-30,05:00:00,1143.848
2020-10-30,06:00:00,1124.88
2020-10-30,07:00:00,1121.825
2020-10-30,08:00:00,1131.305
2020-10-30,09:00:00,1184.688
2020-10-30,10:00:00,1276.01
2020-10-30,11:00:00,1373.282
2020-10-30,12:00:00,1392.936
2020-10-30,13:00:00,1421.506
2020-10-30,14:00:00,1450.283
2020-10-30,15:00:00,1463.285
2020-10-30,16:00:00,1474.865
2020-10-30,17:00:00,1456.716
2020-10-30,18:00:00,1443.814
2020-10-30,19:00:00,1414.989
2020-10-30,20:00:00,1415.252
2020-10-30,21:00:00,1427.387
2020-10-30,22:00:00,1454.206
2020-10-30,23:00:00,1446.31
2020-10-31,00:00:00,1409.731
2020-10-31,01:00:00,1369.256
2020-10-31,02:00:00,1328.843
2020-10-31,03:00:00,1286.527
2020-10-31,04:00:00,1241.901
2020-10-31,05:00:00,1205.013
2020-10-31,06:00:00,1184.068
2020-10-31,07:00:00,1175.987
2020-10-31,08:00:00,1187.702
2020-10-31,09:00:00,1210.584
2020-10-31,10:00:00,1220.64
2020-10-31,11:00:00,1282.909
2020-10-31,12:00:00,1330.671
2020-10-31,13:00:00,1349.467
2020-10-31,14:00:00,1343.047
2020-10-31,15:00:00,1317.633
2020-10-31,16:00:00,1316.035
2020-10-31,17:00:00,1289.778
2020-10-31,18:00:00,1281.581
2020-10-31,19:00:00,1268.405
2020-10-31,20:00:00,1274.456
2020-10-31,21:00:00,1280.939
2020-10-31,22:00:00,1322.058
2020-10-31,23:00:00,1332.397
2020-11-01,00:00:00,1316.41
2020-11-01,01:00:00,1307.753
2020-11-01,02:00:00,1277.172
2020-11-01,03:00:00,1207.359
2020-11-01,04:00:00,1186.055
2020-11-01,05:00:00,1171.228
2020-11-01,06:00:00,1134.416
2020-11-01,07:00:00,1132.432
2020-11-01,08:00:00,1138.237
2020-11-01,09:00:00,1141.352
2020-11-01,10:00:00,1144.332
2020-11-01,11:00:00,1168.342
2020-11-01,12:00:00,1200.369
2020-11-01,13:00:00,1241.921
2020-11-01,14:00:00,1274.053
2020-11-01,15:00:00,1215.806
2020-11-01,16:00:00,1233.731
2020-11-01,17:00:00,1331.732
2020-11-01,18:00:00,1400.362
2020-11-01,19:00:00,1422.973
2020-11-01,20:00:00,1333.787
2020-11-01,21:00:00,1320.035
2020-11-01,22:00:00,1332.26
2020-11-01,23:00:00,1294.956
2020-11-02,00:00:00,1497.6
2020-11-02,01:00:00,1465.435
2020-11-02,02:00:00,1520.362
2020-11-02,03:00:00,1432.52
2020-11-02,04:00:00,1278.571
2020-11-02,05:00:00,1243.109
2020-11-02,06:00:00,1221.181
2020-11-02,07:00:00,1214.121
2020-11-02,08:00:00,1219.083
2020-11-02,09:00:00,1245.458
2020-11-02,10:00:00,1299.629
2020-11-02,11:00:00,1395.822
2020-11-02,12:00:00,1459.86
2020-11-02,13:00:00,1527.022
2020-11-02,14:00:00,1561.407
2020-11-02,15:00:00,1561.703
2020-11-02,16:00:00,1546.243
2020-11-02,17:00:00,1525.663
2020-11-02,18:00:00,1505.213
2020-11-02,19:00:00,1472.222
2020-11-02,20:00:00,1442.18
2020-11-02,21:00:00,1454.986
2020-11-02,22:00:00,1529.439
2020-11-02,23:00:00,1543.713
2020-11-03,00:00:00,1501.945
2020-11-03,01:00:00,1463.486
2020-11-03,02:00:00,1420.793
2020-11-03,03:00:00,1355.324
2020-11-03,04:00:00,1285.041
2020-11-03,05:00:00,1239.949
2020-11-03,06:00:00,1202.889
2020-11-03,07:00:00,1199.054
2020-11-03,08:00:00,1200.614
2020-11-03,09:00:00,1229.209
2020-11-03,10:00:00,1300.913
2020-11-03,11:00:00,1394.347
2020-11-03,12:00:00,1410.718
2020-11-03,13:00:00,1459.222
2020-11-03,14:00:00,1467.806
2020-11-03,15:00:00,1456.616
2020-11-03,16:00:00,1453.687
2020-11-03,17:00:00,1466.753
2020-11-03,18:00:00,1435.989
2020-11-03,19:00:00,1426.435
2020-11-03,20:00:00,1404.438
2020-11-03,21:00:00,1395.734
2020-11-03,22:00:00,1452.401
2020-11-03,23:00:00,1480.285
2020-11-04,00:00:00,1457.576
2020-11-04,01:00:00,1412.853
2020-11-04,02:00:00,1374.194
2020-11-04,03:00:00,1323.677
2020-11-04,04:00:00,1252.561
2020-11-04,05:00:00,1214.909
2020-11-04,06:00:00,1161.384
2020-11-04,07:00:00,1154.918
2020-11-04,08:00:00,1150.734
2020-11-04,09:00:00,1178.041
2020-11-04,10:00:00,1261.427
2020-11-04,11:00:00,1349.348
2020-11-04,12:00:00,1392.234
2020-11-04,13:00:00,1438.541
2020-11-04,14:00:00,1428.945
2020-11-04,15:00:00,1426.211
2020-11-04,16:00:00,1435.989
2020-11-04,17:00:00,1429.743
2020-11-04,18:00:00,1414.302
2020-11-04,19:00:00,1400.278
2020-11-04,20:00:00,1387.155
2020-11-04,21:00:00,1385.98
2020-11-04,22:00:00,1434.182
2020-11-04,23:00:00,1424.276
2020-11-05,00:00:00,1391.813
2020-11-05,01:00:00,1355.767
2020-11-05,02:00:00,1298.412
2020-11-05,03:00:00,1236.78
2020-11-05,04:00:00,1171.184
2020-11-05,05:00:00,1130.755
2020-11-05,06:00:00,1109.734
2020-11-05,07:00:00,1097.976
2020-11-05,08:00:00,1099.239
2020-11-05,09:00:00,1116.541
2020-11-05,10:00:00,1185.244
2020-11-05,11:00:00,1293.365
2020-11-05,12:00:00,1335.234
2020-11-05,13:00:00,1375.486
2020-11-05,14:00:00,1382.277
2020-11-05,15:00:00,1400.752
2020-11-05,16:00:00,1412.564
2020-11-05,17:00:00,1415.858
2020-11-05,18:00:00,1415.609
2020-11-05,19:00:00,1408.19
2020-11-05,20:00:00,1378.574
2020-11-05,21:00:00,1372.295
2020-11-05,22:00:00,1423.526
2020-11-05,23:00:00,1415.652
2020-11-06,00:00:00,1387.38
2020-11-06,01:00:00,1346.949
2020-11-06,02:00:00,1287.386
2020-11-06,03:00:00,1218.125
2020-11-06,04:00:00,1146.32
