datetime_beginning_utc,datetime_beginning_ept,area,wind_generation_mw
12/1/2020 4:00:00 AM,11/30/2020 11:00:00 PM,RFC,4437.835
12/1/2020 3:00:00 AM,11/30/2020 10:00:00 PM,RFC,4463.984
12/1/2020 2:00:00 AM,11/30/2020 9:00:00 PM,RFC,4642.025
12/1/2020 1:00:00 AM,11/30/2020 8:00:00 PM,RFC,5250.974
12/1/2020 12:00:00 AM,11/30/2020 7:00:00 PM,RFC,5770.773
11/30/2020 11:00:00 PM,11/30/2020 6:00:00 PM,RFC,6158.558
11/30/2020 10:00:00 PM,11/30/2020 5:00:00 PM,RFC,6651.832
11/30/2020 9:00:00 PM,11/30/2020 4:00:00 PM,RFC,7194.868
11/30/2020 8:00:00 PM,11/30/2020 3:00:00 PM,RFC,7577.545
11/30/2020 7:00:00 PM,11/30/2020 2:00:00 PM,RFC,7550.599
11/30/2020 6:00:00 PM,11/30/2020 1:00:00 PM,RFC,7299.277
11/30/2020 5:00:00 PM,11/30/2020 12:00:00 PM,RFC,7243.128
11/30/2020 4:00:00 PM,11/30/2020 11:00:00 AM,RFC,7426.589
11/30/2020 3:00:00 PM,11/30/2020 10:00:00 AM,RFC,7423.710
11/30/2020 2:00:00 PM,11/30/2020 9:00:00 AM,RFC,7639.956
11/30/2020 1:00:00 PM,11/30/2020 8:00:00 AM,RFC,7794.853
11/30/2020 12:00:00 PM,11/30/2020 7:00:00 AM,RFC,7831.852
11/30/2020 11:00:00 AM,11/30/2020 6:00:00 AM,RFC,7688.073
11/30/2020 10:00:00 AM,11/30/2020 5:00:00 AM,RFC,7323.252
11/30/2020 9:00:00 AM,11/30/2020 4:00:00 AM,RFC,6744.284
11/30/2020 8:00:00 AM,11/30/2020 3:00:00 AM,RFC,6340.356
11/30/2020 7:00:00 AM,11/30/2020 2:00:00 AM,RFC,6379.895
11/30/2020 6:00:00 AM,11/30/2020 1:00:00 AM,RFC,6225.123
11/30/2020 5:00:00 AM,11/30/2020 12:00:00 AM,RFC,6176.138
11/30/2020 4:00:00 AM,11/29/2020 11:00:00 PM,RFC,6147.940
11/30/2020 3:00:00 AM,11/29/2020 10:00:00 PM,RFC,5663.165
11/30/2020 2:00:00 AM,11/29/2020 9:00:00 PM,RFC,5105.392
11/30/2020 1:00:00 AM,11/29/2020 8:00:00 PM,RFC,5219.441
11/30/2020 12:00:00 AM,11/29/2020 7:00:00 PM,RFC,4572.716
11/29/2020 11:00:00 PM,11/29/2020 6:00:00 PM,RFC,4236.696
11/29/2020 10:00:00 PM,11/29/2020 5:00:00 PM,RFC,3550.362
11/29/2020 9:00:00 PM,11/29/2020 4:00:00 PM,RFC,2059.314
11/29/2020 8:00:00 PM,11/29/2020 3:00:00 PM,RFC,1514.706
11/29/2020 7:00:00 PM,11/29/2020 2:00:00 PM,RFC,1439.207
11/29/2020 6:00:00 PM,11/29/2020 1:00:00 PM,RFC,1421.698
11/29/2020 5:00:00 PM,11/29/2020 12:00:00 PM,RFC,1503.618
11/29/2020 4:00:00 PM,11/29/2020 11:00:00 AM,RFC,1691.099
11/29/2020 3:00:00 PM,11/29/2020 10:00:00 AM,RFC,2378.155
11/29/2020 2:00:00 PM,11/29/2020 9:00:00 AM,RFC,3191.367
11/29/2020 1:00:00 PM,11/29/2020 8:00:00 AM,RFC,3505.581
11/29/2020 12:00:00 PM,11/29/2020 7:00:00 AM,RFC,4393.846
11/29/2020 11:00:00 AM,11/29/2020 6:00:00 AM,RFC,4680.744
11/29/2020 10:00:00 AM,11/29/2020 5:00:00 AM,RFC,5270.193
11/29/2020 9:00:00 AM,11/29/2020 4:00:00 AM,RFC,5440.656
11/29/2020 8:00:00 AM,11/29/2020 3:00:00 AM,RFC,5252.030
11/29/2020 7:00:00 AM,11/29/2020 2:00:00 AM,RFC,5328.577
11/29/2020 6:00:00 AM,11/29/2020 1:00:00 AM,RFC,5643.244
11/29/2020 5:00:00 AM,11/29/2020 12:00:00 AM,RFC,6103.619
11/29/2020 4:00:00 AM,11/28/2020 11:00:00 PM,RFC,6529.172
11/29/2020 3:00:00 AM,11/28/2020 10:00:00 PM,RFC,7052.372
11/29/2020 2:00:00 AM,11/28/2020 9:00:00 PM,RFC,7157.914
11/29/2020 1:00:00 AM,11/28/2020 8:00:00 PM,RFC,7031.471
11/29/2020 12:00:00 AM,11/28/2020 7:00:00 PM,RFC,6937.759
11/28/2020 11:00:00 PM,11/28/2020 6:00:00 PM,RFC,5916.388
11/28/2020 10:00:00 PM,11/28/2020 5:00:00 PM,RFC,4544.692
11/28/2020 9:00:00 PM,11/28/2020 4:00:00 PM,RFC,3446.622
11/28/2020 8:00:00 PM,11/28/2020 3:00:00 PM,RFC,2809.852
11/28/2020 7:00:00 PM,11/28/2020 2:00:00 PM,RFC,2341.285
11/28/2020 6:00:00 PM,11/28/2020 1:00:00 PM,RFC,2098.926
11/28/2020 5:00:00 PM,11/28/2020 12:00:00 PM,RFC,2075.832
11/28/2020 4:00:00 PM,11/28/2020 11:00:00 AM,RFC,2117.031
11/28/2020 3:00:00 PM,11/28/2020 10:00:00 AM,RFC,2154.941
11/28/2020 2:00:00 PM,11/28/2020 9:00:00 AM,RFC,2130.879
11/28/2020 1:00:00 PM,11/28/2020 8:00:00 AM,RFC,1736.511
11/28/2020 12:00:00 PM,11/28/2020 7:00:00 AM,RFC,1372.893
11/28/2020 11:00:00 AM,11/28/2020 6:00:00 AM,RFC,1304.848
11/28/2020 10:00:00 AM,11/28/2020 5:00:00 AM,RFC,1348.626
11/28/2020 9:00:00 AM,11/28/2020 4:00:00 AM,RFC,1319.477
11/28/2020 8:00:00 AM,11/28/2020 3:00:00 AM,RFC,1693.435
11/28/2020 7:00:00 AM,11/28/2020 2:00:00 AM,RFC,2067.739
11/28/2020 6:00:00 AM,11/28/2020 1:00:00 AM,RFC,2462.290
11/28/2020 5:00:00 AM,11/28/2020 12:00:00 AM,RFC,2896.029
11/28/2020 4:00:00 AM,11/27/2020 11:00:00 PM,RFC,3565.979
11/28/2020 3:00:00 AM,11/27/2020 10:00:00 PM,RFC,4096.984
11/28/2020 2:00:00 AM,11/27/2020 9:00:00 PM,RFC,4020.328
11/28/2020 1:00:00 AM,11/27/2020 8:00:00 PM,RFC,4035.966
11/28/2020 12:00:00 AM,11/27/2020 7:00:00 PM,RFC,3614.793
11/27/2020 11:00:00 PM,11/27/2020 6:00:00 PM,RFC,2684.611
11/27/2020 10:00:00 PM,11/27/2020 5:00:00 PM,RFC,1982.813
11/27/2020 9:00:00 PM,11/27/2020 4:00:00 PM,RFC,1886.121
11/27/2020 8:00:00 PM,11/27/2020 3:00:00 PM,RFC,1762.829
11/27/2020 7:00:00 PM,11/27/2020 2:00:00 PM,RFC,1729.113
11/27/2020 6:00:00 PM,11/27/2020 1:00:00 PM,RFC,1438.926
11/27/2020 5:00:00 PM,11/27/2020 12:00:00 PM,RFC,976.999
11/27/2020 4:00:00 PM,11/27/2020 11:00:00 AM,RFC,857.225
11/27/2020 3:00:00 PM,11/27/2020 10:00:00 AM,RFC,647.045
11/27/2020 2:00:00 PM,11/27/2020 9:00:00 AM,RFC,665.387
11/27/2020 1:00:00 PM,11/27/2020 8:00:00 AM,RFC,617.036
11/27/2020 12:00:00 PM,11/27/2020 7:00:00 AM,RFC,707.863
11/27/2020 11:00:00 AM,11/27/2020 6:00:00 AM,RFC,761.179
11/27/2020 10:00:00 AM,11/27/2020 5:00:00 AM,RFC,849.406
11/27/2020 9:00:00 AM,11/27/2020 4:00:00 AM,RFC,925.672
11/27/2020 8:00:00 AM,11/27/2020 3:00:00 AM,RFC,1346.584
11/27/2020 7:00:00 AM,11/27/2020 2:00:00 AM,RFC,1934.787
11/27/2020 6:00:00 AM,11/27/2020 1:00:00 AM,RFC,2143.280
11/27/2020 5:00:00 AM,11/27/2020 12:00:00 AM,RFC,2224.307
11/27/2020 4:00:00 AM,11/26/2020 11:00:00 PM,RFC,1983.533
11/27/2020 3:00:00 AM,11/26/2020 10:00:00 PM,RFC,2559.192
11/27/2020 2:00:00 AM,11/26/2020 9:00:00 PM,RFC,2590.039
11/27/2020 1:00:00 AM,11/26/2020 8:00:00 PM,RFC,2618.484
11/27/2020 12:00:00 AM,11/26/2020 7:00:00 PM,RFC,2462.399
11/26/2020 11:00:00 PM,11/26/2020 6:00:00 PM,RFC,2434.048
11/26/2020 10:00:00 PM,11/26/2020 5:00:00 PM,RFC,2265.519
11/26/2020 9:00:00 PM,11/26/2020 4:00:00 PM,RFC,2315.027
11/26/2020 8:00:00 PM,11/26/2020 3:00:00 PM,RFC,2456.103
11/26/2020 7:00:00 PM,11/26/2020 2:00:00 PM,RFC,2760.213
11/26/2020 6:00:00 PM,11/26/2020 1:00:00 PM,RFC,3033.109
11/26/2020 5:00:00 PM,11/26/2020 12:00:00 PM,RFC,3121.722
11/26/2020 4:00:00 PM,11/26/2020 11:00:00 AM,RFC,2867.157
11/26/2020 3:00:00 PM,11/26/2020 10:00:00 AM,RFC,2620.918
11/26/2020 2:00:00 PM,11/26/2020 9:00:00 AM,RFC,2544.803
11/26/2020 1:00:00 PM,11/26/2020 8:00:00 AM,RFC,2478.553
11/26/2020 12:00:00 PM,11/26/2020 7:00:00 AM,RFC,2551.044
11/26/2020 11:00:00 AM,11/26/2020 6:00:00 AM,RFC,3095.031
11/26/2020 10:00:00 AM,11/26/2020 5:00:00 AM,RFC,3675.985
11/26/2020 9:00:00 AM,11/26/2020 4:00:00 AM,RFC,3952.251
11/26/2020 8:00:00 AM,11/26/2020 3:00:00 AM,RFC,4394.996
11/26/2020 7:00:00 AM,11/26/2020 2:00:00 AM,RFC,4695.808
11/26/2020 6:00:00 AM,11/26/2020 1:00:00 AM,RFC,4720.106
11/26/2020 5:00:00 AM,11/26/2020 12:00:00 AM,RFC,4815.006
11/26/2020 4:00:00 AM,11/25/2020 11:00:00 PM,RFC,4819.199
11/26/2020 3:00:00 AM,11/25/2020 10:00:00 PM,RFC,4869.285
11/26/2020 2:00:00 AM,11/25/2020 9:00:00 PM,RFC,5165.974
11/26/2020 1:00:00 AM,11/25/2020 8:00:00 PM,RFC,5054.671
11/26/2020 12:00:00 AM,11/25/2020 7:00:00 PM,RFC,4110.720
11/25/2020 11:00:00 PM,11/25/2020 6:00:00 PM,RFC,3155.132
11/25/2020 10:00:00 PM,11/25/2020 5:00:00 PM,RFC,2838.064
11/25/2020 9:00:00 PM,11/25/2020 4:00:00 PM,RFC,2570.419
11/25/2020 8:00:00 PM,11/25/2020 3:00:00 PM,RFC,2735.060
11/25/2020 7:00:00 PM,11/25/2020 2:00:00 PM,RFC,2600.880
11/25/2020 6:00:00 PM,11/25/2020 1:00:00 PM,RFC,2210.300
11/25/2020 5:00:00 PM,11/25/2020 12:00:00 PM,RFC,1953.125
11/25/2020 4:00:00 PM,11/25/2020 11:00:00 AM,RFC,1999.271
11/25/2020 3:00:00 PM,11/25/2020 10:00:00 AM,RFC,2547.823
11/25/2020 2:00:00 PM,11/25/2020 9:00:00 AM,RFC,3034.400
11/25/2020 1:00:00 PM,11/25/2020 8:00:00 AM,RFC,3255.270
11/25/2020 12:00:00 PM,11/25/2020 7:00:00 AM,RFC,3219.729
11/25/2020 11:00:00 AM,11/25/2020 6:00:00 AM,RFC,3269.779
11/25/2020 10:00:00 AM,11/25/2020 5:00:00 AM,RFC,3228.675
11/25/2020 9:00:00 AM,11/25/2020 4:00:00 AM,RFC,3807.000
11/25/2020 8:00:00 AM,11/25/2020 3:00:00 AM,RFC,4916.467
11/25/2020 7:00:00 AM,11/25/2020 2:00:00 AM,RFC,5455.309
11/25/2020 6:00:00 AM,11/25/2020 1:00:00 AM,RFC,5339.778
11/25/2020 5:00:00 AM,11/25/2020 12:00:00 AM,RFC,6078.884
11/25/2020 4:00:00 AM,11/24/2020 11:00:00 PM,RFC,6790.214
11/25/2020 3:00:00 AM,11/24/2020 10:00:00 PM,RFC,7187.464
11/25/2020 2:00:00 AM,11/24/2020 9:00:00 PM,RFC,6916.391
11/25/2020 1:00:00 AM,11/24/2020 8:00:00 PM,RFC,6352.126
11/25/2020 12:00:00 AM,11/24/2020 7:00:00 PM,RFC,5783.362
11/24/2020 11:00:00 PM,11/24/2020 6:00:00 PM,RFC,5679.958
11/24/2020 10:00:00 PM,11/24/2020 5:00:00 PM,RFC,5414.578
11/24/2020 9:00:00 PM,11/24/2020 4:00:00 PM,RFC,4850.455
11/24/2020 8:00:00 PM,11/24/2020 3:00:00 PM,RFC,4844.602
11/24/2020 7:00:00 PM,11/24/2020 2:00:00 PM,RFC,4693.808
11/24/2020 6:00:00 PM,11/24/2020 1:00:00 PM,RFC,4632.728
11/24/2020 5:00:00 PM,11/24/2020 12:00:00 PM,RFC,4132.992
11/24/2020 4:00:00 PM,11/24/2020 11:00:00 AM,RFC,3908.239
11/24/2020 3:00:00 PM,11/24/2020 10:00:00 AM,RFC,3827.382
11/24/2020 2:00:00 PM,11/24/2020 9:00:00 AM,RFC,3719.197
11/24/2020 1:00:00 PM,11/24/2020 8:00:00 AM,RFC,3460.502
11/24/2020 12:00:00 PM,11/24/2020 7:00:00 AM,RFC,3202.922
11/24/2020 11:00:00 AM,11/24/2020 6:00:00 AM,RFC,2529.680
11/24/2020 10:00:00 AM,11/24/2020 5:00:00 AM,RFC,1880.776
11/24/2020 9:00:00 AM,11/24/2020 4:00:00 AM,RFC,1756.863
11/24/2020 8:00:00 AM,11/24/2020 3:00:00 AM,RFC,1690.377
11/24/2020 7:00:00 AM,11/24/2020 2:00:00 AM,RFC,1509.816
11/24/2020 6:00:00 AM,11/24/2020 1:00:00 AM,RFC,1557.610
11/24/2020 5:00:00 AM,11/24/2020 12:00:00 AM,RFC,1534.214
11/24/2020 4:00:00 AM,11/23/2020 11:00:00 PM,RFC,1546.045
11/24/2020 3:00:00 AM,11/23/2020 10:00:00 PM,RFC,1526.668
11/24/2020 2:00:00 AM,11/23/2020 9:00:00 PM,RFC,1580.930
11/24/2020 1:00:00 AM,11/23/2020 8:00:00 PM,RFC,1491.366
11/24/2020 12:00:00 AM,11/23/2020 7:00:00 PM,RFC,1417.728
11/23/2020 11:00:00 PM,11/23/2020 6:00:00 PM,RFC,1378.641
11/23/2020 10:00:00 PM,11/23/2020 5:00:00 PM,RFC,1500.950
11/23/2020 9:00:00 PM,11/23/2020 4:00:00 PM,RFC,1424.984
11/23/2020 8:00:00 PM,11/23/2020 3:00:00 PM,RFC,1487.554
11/23/2020 7:00:00 PM,11/23/2020 2:00:00 PM,RFC,1599.758
11/23/2020 6:00:00 PM,11/23/2020 1:00:00 PM,RFC,1619.003
11/23/2020 5:00:00 PM,11/23/2020 12:00:00 PM,RFC,1623.728
11/23/2020 4:00:00 PM,11/23/2020 11:00:00 AM,RFC,1551.163
11/23/2020 3:00:00 PM,11/23/2020 10:00:00 AM,RFC,1677.038
11/23/2020 2:00:00 PM,11/23/2020 9:00:00 AM,RFC,2079.146
11/23/2020 1:00:00 PM,11/23/2020 8:00:00 AM,RFC,2654.535
11/23/2020 12:00:00 PM,11/23/2020 7:00:00 AM,RFC,3010.952
11/23/2020 11:00:00 AM,11/23/2020 6:00:00 AM,RFC,3225.204
11/23/2020 10:00:00 AM,11/23/2020 5:00:00 AM,RFC,3646.288
11/23/2020 9:00:00 AM,11/23/2020 4:00:00 AM,RFC,4025.263
11/23/2020 8:00:00 AM,11/23/2020 3:00:00 AM,RFC,4701.173
11/23/2020 7:00:00 AM,11/23/2020 2:00:00 AM,RFC,4930.266
11/23/2020 6:00:00 AM,11/23/2020 1:00:00 AM,RFC,4949.489
11/23/2020 5:00:00 AM,11/23/2020 12:00:00 AM,RFC,4658.606
11/23/2020 4:00:00 AM,11/22/2020 11:00:00 PM,RFC,4612.668
11/23/2020 3:00:00 AM,11/22/2020 10:00:00 PM,RFC,4662.393
11/23/2020 2:00:00 AM,11/22/2020 9:00:00 PM,RFC,4340.419
11/23/2020 1:00:00 AM,11/22/2020 8:00:00 PM,RFC,3703.768
11/23/2020 12:00:00 AM,11/22/2020 7:00:00 PM,RFC,3370.280
11/22/2020 11:00:00 PM,11/22/2020 6:00:00 PM,RFC,3142.296
11/22/2020 10:00:00 PM,11/22/2020 5:00:00 PM,RFC,2855.920
11/22/2020 9:00:00 PM,11/22/2020 4:00:00 PM,RFC,3171.903
11/22/2020 8:00:00 PM,11/22/2020 3:00:00 PM,RFC,3283.298
11/22/2020 7:00:00 PM,11/22/2020 2:00:00 PM,RFC,3016.629
11/22/2020 6:00:00 PM,11/22/2020 1:00:00 PM,RFC,3161.887
11/22/2020 5:00:00 PM,11/22/2020 12:00:00 PM,RFC,3109.088
11/22/2020 4:00:00 PM,11/22/2020 11:00:00 AM,RFC,3185.216
11/22/2020 3:00:00 PM,11/22/2020 10:00:00 AM,RFC,3483.487
11/22/2020 2:00:00 PM,11/22/2020 9:00:00 AM,RFC,3554.534
11/22/2020 1:00:00 PM,11/22/2020 8:00:00 AM,RFC,3422.894
11/22/2020 12:00:00 PM,11/22/2020 7:00:00 AM,RFC,3611.913
11/22/2020 11:00:00 AM,11/22/2020 6:00:00 AM,RFC,3548.775
11/22/2020 10:00:00 AM,11/22/2020 5:00:00 AM,RFC,3627.579
11/22/2020 9:00:00 AM,11/22/2020 4:00:00 AM,RFC,3865.691
11/22/2020 8:00:00 AM,11/22/2020 3:00:00 AM,RFC,3657.817
11/22/2020 7:00:00 AM,11/22/2020 2:00:00 AM,RFC,3188.520
11/22/2020 6:00:00 AM,11/22/2020 1:00:00 AM,RFC,2753.697
11/22/2020 5:00:00 AM,11/22/2020 12:00:00 AM,RFC,2385.378
11/22/2020 4:00:00 AM,11/21/2020 11:00:00 PM,RFC,1868.067
11/22/2020 3:00:00 AM,11/21/2020 10:00:00 PM,RFC,1634.875
11/22/2020 2:00:00 AM,11/21/2020 9:00:00 PM,RFC,1506.001
11/22/2020 1:00:00 AM,11/21/2020 8:00:00 PM,RFC,1623.305
11/22/2020 12:00:00 AM,11/21/2020 7:00:00 PM,RFC,1766.455
11/21/2020 11:00:00 PM,11/21/2020 6:00:00 PM,RFC,1271.170
11/21/2020 10:00:00 PM,11/21/2020 5:00:00 PM,RFC,836.435
11/21/2020 9:00:00 PM,11/21/2020 4:00:00 PM,RFC,911.025
11/21/2020 8:00:00 PM,11/21/2020 3:00:00 PM,RFC,921.658
11/21/2020 7:00:00 PM,11/21/2020 2:00:00 PM,RFC,729.042
11/21/2020 6:00:00 PM,11/21/2020 1:00:00 PM,RFC,607.682
11/21/2020 5:00:00 PM,11/21/2020 12:00:00 PM,RFC,618.373
11/21/2020 4:00:00 PM,11/21/2020 11:00:00 AM,RFC,746.111
11/21/2020 3:00:00 PM,11/21/2020 10:00:00 AM,RFC,955.599
11/21/2020 2:00:00 PM,11/21/2020 9:00:00 AM,RFC,1084.175
11/21/2020 1:00:00 PM,11/21/2020 8:00:00 AM,RFC,1109.620
11/21/2020 12:00:00 PM,11/21/2020 7:00:00 AM,RFC,1230.620
11/21/2020 11:00:00 AM,11/21/2020 6:00:00 AM,RFC,1525.959
11/21/2020 10:00:00 AM,11/21/2020 5:00:00 AM,RFC,2027.155
11/21/2020 9:00:00 AM,11/21/2020 4:00:00 AM,RFC,2653.091
11/21/2020 8:00:00 AM,11/21/2020 3:00:00 AM,RFC,2739.480
11/21/2020 7:00:00 AM,11/21/2020 2:00:00 AM,RFC,3016.880
11/21/2020 6:00:00 AM,11/21/2020 1:00:00 AM,RFC,3051.188
11/21/2020 5:00:00 AM,11/21/2020 12:00:00 AM,RFC,3168.583
11/21/2020 4:00:00 AM,11/20/2020 11:00:00 PM,RFC,3004.168
11/21/2020 3:00:00 AM,11/20/2020 10:00:00 PM,RFC,3019.740
11/21/2020 2:00:00 AM,11/20/2020 9:00:00 PM,RFC,2746.859
11/21/2020 1:00:00 AM,11/20/2020 8:00:00 PM,RFC,2786.957
11/21/2020 12:00:00 AM,11/20/2020 7:00:00 PM,RFC,2810.675
11/20/2020 11:00:00 PM,11/20/2020 6:00:00 PM,RFC,2633.789
11/20/2020 10:00:00 PM,11/20/2020 5:00:00 PM,RFC,2909.135
11/20/2020 9:00:00 PM,11/20/2020 4:00:00 PM,RFC,3122.335
11/20/2020 8:00:00 PM,11/20/2020 3:00:00 PM,RFC,3338.198
11/20/2020 7:00:00 PM,11/20/2020 2:00:00 PM,RFC,3458.140
11/20/2020 6:00:00 PM,11/20/2020 1:00:00 PM,RFC,3609.151
11/20/2020 5:00:00 PM,11/20/2020 12:00:00 PM,RFC,3721.583
11/20/2020 4:00:00 PM,11/20/2020 11:00:00 AM,RFC,4118.985
11/20/2020 3:00:00 PM,11/20/2020 10:00:00 AM,RFC,4562.626
11/20/2020 2:00:00 PM,11/20/2020 9:00:00 AM,RFC,5412.603
11/20/2020 1:00:00 PM,11/20/2020 8:00:00 AM,RFC,6733.191
11/20/2020 12:00:00 PM,11/20/2020 7:00:00 AM,RFC,7373.201
11/20/2020 11:00:00 AM,11/20/2020 6:00:00 AM,RFC,7468.756
11/20/2020 10:00:00 AM,11/20/2020 5:00:00 AM,RFC,7793.037
11/20/2020 9:00:00 AM,11/20/2020 4:00:00 AM,RFC,7991.868
11/20/2020 8:00:00 AM,11/20/2020 3:00:00 AM,RFC,7976.752
11/20/2020 7:00:00 AM,11/20/2020 2:00:00 AM,RFC,8019.310
11/20/2020 6:00:00 AM,11/20/2020 1:00:00 AM,RFC,8138.080
11/20/2020 5:00:00 AM,11/20/2020 12:00:00 AM,RFC,8175.714
11/20/2020 4:00:00 AM,11/19/2020 11:00:00 PM,RFC,8124.421
11/20/2020 3:00:00 AM,11/19/2020 10:00:00 PM,RFC,8147.881
11/20/2020 2:00:00 AM,11/19/2020 9:00:00 PM,RFC,8011.007
11/20/2020 1:00:00 AM,11/19/2020 8:00:00 PM,RFC,7872.598
11/20/2020 12:00:00 AM,11/19/2020 7:00:00 PM,RFC,7877.481
11/19/2020 11:00:00 PM,11/19/2020 6:00:00 PM,RFC,7839.799
11/19/2020 10:00:00 PM,11/19/2020 5:00:00 PM,RFC,7583.748
11/19/2020 9:00:00 PM,11/19/2020 4:00:00 PM,RFC,7559.141
11/19/2020 8:00:00 PM,11/19/2020 3:00:00 PM,RFC,7371.185
11/19/2020 7:00:00 PM,11/19/2020 2:00:00 PM,RFC,7162.192
11/19/2020 6:00:00 PM,11/19/2020 1:00:00 PM,RFC,7193.313
11/19/2020 5:00:00 PM,11/19/2020 12:00:00 PM,RFC,7375.800
11/19/2020 4:00:00 PM,11/19/2020 11:00:00 AM,RFC,7625.413
11/19/2020 3:00:00 PM,11/19/2020 10:00:00 AM,RFC,7456.236
11/19/2020 2:00:00 PM,11/19/2020 9:00:00 AM,RFC,7333.784
11/19/2020 1:00:00 PM,11/19/2020 8:00:00 AM,RFC,7587.871
11/19/2020 12:00:00 PM,11/19/2020 7:00:00 AM,RFC,7368.520
11/19/2020 11:00:00 AM,11/19/2020 6:00:00 AM,RFC,7444.181
11/19/2020 10:00:00 AM,11/19/2020 5:00:00 AM,RFC,7382.713
11/19/2020 9:00:00 AM,11/19/2020 4:00:00 AM,RFC,7271.021
11/19/2020 8:00:00 AM,11/19/2020 3:00:00 AM,RFC,7260.269
11/19/2020 7:00:00 AM,11/19/2020 2:00:00 AM,RFC,7082.791
11/19/2020 6:00:00 AM,11/19/2020 1:00:00 AM,RFC,6803.041
11/19/2020 5:00:00 AM,11/19/2020 12:00:00 AM,RFC,6628.303
11/19/2020 4:00:00 AM,11/18/2020 11:00:00 PM,RFC,6694.974
11/19/2020 3:00:00 AM,11/18/2020 10:00:00 PM,RFC,6735.732
11/19/2020 2:00:00 AM,11/18/2020 9:00:00 PM,RFC,6850.037
11/19/2020 1:00:00 AM,11/18/2020 8:00:00 PM,RFC,6856.516
11/19/2020 12:00:00 AM,11/18/2020 7:00:00 PM,RFC,6824.577
11/18/2020 11:00:00 PM,11/18/2020 6:00:00 PM,RFC,6644.967
11/18/2020 10:00:00 PM,11/18/2020 5:00:00 PM,RFC,6107.081
11/18/2020 9:00:00 PM,11/18/2020 4:00:00 PM,RFC,6080.960
11/18/2020 8:00:00 PM,11/18/2020 3:00:00 PM,RFC,6303.114
11/18/2020 7:00:00 PM,11/18/2020 2:00:00 PM,RFC,6290.045
11/18/2020 6:00:00 PM,11/18/2020 1:00:00 PM,RFC,6156.104
11/18/2020 5:00:00 PM,11/18/2020 12:00:00 PM,RFC,5902.458
11/18/2020 4:00:00 PM,11/18/2020 11:00:00 AM,RFC,5789.633
11/18/2020 3:00:00 PM,11/18/2020 10:00:00 AM,RFC,5539.175
11/18/2020 2:00:00 PM,11/18/2020 9:00:00 AM,RFC,5384.212
11/18/2020 1:00:00 PM,11/18/2020 8:00:00 AM,RFC,5527.794
11/18/2020 12:00:00 PM,11/18/2020 7:00:00 AM,RFC,5190.170
11/18/2020 11:00:00 AM,11/18/2020 6:00:00 AM,RFC,4405.385
11/18/2020 10:00:00 AM,11/18/2020 5:00:00 AM,RFC,3647.697
11/18/2020 9:00:00 AM,11/18/2020 4:00:00 AM,RFC,3140.147
11/18/2020 8:00:00 AM,11/18/2020 3:00:00 AM,RFC,2941.155
11/18/2020 7:00:00 AM,11/18/2020 2:00:00 AM,RFC,2701.776
11/18/2020 6:00:00 AM,11/18/2020 1:00:00 AM,RFC,2315.043
11/18/2020 5:00:00 AM,11/18/2020 12:00:00 AM,RFC,2139.171
11/18/2020 4:00:00 AM,11/17/2020 11:00:00 PM,RFC,2203.778
11/18/2020 3:00:00 AM,11/17/2020 10:00:00 PM,RFC,2443.366
11/18/2020 2:00:00 AM,11/17/2020 9:00:00 PM,RFC,2648.006
11/18/2020 1:00:00 AM,11/17/2020 8:00:00 PM,RFC,2773.872
11/18/2020 12:00:00 AM,11/17/2020 7:00:00 PM,RFC,2986.771
11/17/2020 11:00:00 PM,11/17/2020 6:00:00 PM,RFC,3055.166
11/17/2020 10:00:00 PM,11/17/2020 5:00:00 PM,RFC,3084.049
11/17/2020 9:00:00 PM,11/17/2020 4:00:00 PM,RFC,3266.520
11/17/2020 8:00:00 PM,11/17/2020 3:00:00 PM,RFC,3376.065
11/17/2020 7:00:00 PM,11/17/2020 2:00:00 PM,RFC,3555.049
11/17/2020 6:00:00 PM,11/17/2020 1:00:00 PM,RFC,3576.398
11/17/2020 5:00:00 PM,11/17/2020 12:00:00 PM,RFC,3929.045
11/17/2020 4:00:00 PM,11/17/2020 11:00:00 AM,RFC,4362.442
11/17/2020 3:00:00 PM,11/17/2020 10:00:00 AM,RFC,4815.079
11/17/2020 2:00:00 PM,11/17/2020 9:00:00 AM,RFC,4994.686
11/17/2020 1:00:00 PM,11/17/2020 8:00:00 AM,RFC,5416.966
11/17/2020 12:00:00 PM,11/17/2020 7:00:00 AM,RFC,6126.327
11/17/2020 11:00:00 AM,11/17/2020 6:00:00 AM,RFC,6236.940
11/17/2020 10:00:00 AM,11/17/2020 5:00:00 AM,RFC,6409.150
11/17/2020 9:00:00 AM,11/17/2020 4:00:00 AM,RFC,6643.077
11/17/2020 8:00:00 AM,11/17/2020 3:00:00 AM,RFC,6683.287
11/17/2020 7:00:00 AM,11/17/2020 2:00:00 AM,RFC,6870.088
11/17/2020 6:00:00 AM,11/17/2020 1:00:00 AM,RFC,7236.652
11/17/2020 5:00:00 AM,11/17/2020 12:00:00 AM,RFC,7713.613
11/17/2020 4:00:00 AM,11/16/2020 11:00:00 PM,RFC,7940.124
11/17/2020 3:00:00 AM,11/16/2020 10:00:00 PM,RFC,7945.222
11/17/2020 2:00:00 AM,11/16/2020 9:00:00 PM,RFC,7848.073
11/17/2020 1:00:00 AM,11/16/2020 8:00:00 PM,RFC,7375.404
11/17/2020 12:00:00 AM,11/16/2020 7:00:00 PM,RFC,7060.859
11/16/2020 11:00:00 PM,11/16/2020 6:00:00 PM,RFC,6360.526
11/16/2020 10:00:00 PM,11/16/2020 5:00:00 PM,RFC,5366.122
11/16/2020 9:00:00 PM,11/16/2020 4:00:00 PM,RFC,5081.708
11/16/2020 8:00:00 PM,11/16/2020 3:00:00 PM,RFC,5551.632
11/16/2020 7:00:00 PM,11/16/2020 2:00:00 PM,RFC,6004.070
11/16/2020 6:00:00 PM,11/16/2020 1:00:00 PM,RFC,5210.444
11/16/2020 5:00:00 PM,11/16/2020 12:00:00 PM,RFC,4632.239
11/16/2020 4:00:00 PM,11/16/2020 11:00:00 AM,RFC,4000.935
11/16/2020 3:00:00 PM,11/16/2020 10:00:00 AM,RFC,3823.014
11/16/2020 2:00:00 PM,11/16/2020 9:00:00 AM,RFC,3972.976
11/16/2020 1:00:00 PM,11/16/2020 8:00:00 AM,RFC,4493.356
11/16/2020 12:00:00 PM,11/16/2020 7:00:00 AM,RFC,5186.043
11/16/2020 11:00:00 AM,11/16/2020 6:00:00 AM,RFC,5625.474
11/16/2020 10:00:00 AM,11/16/2020 5:00:00 AM,RFC,5463.251
11/16/2020 9:00:00 AM,11/16/2020 4:00:00 AM,RFC,5866.229
11/16/2020 8:00:00 AM,11/16/2020 3:00:00 AM,RFC,6674.213
11/16/2020 7:00:00 AM,11/16/2020 2:00:00 AM,RFC,6989.758
11/16/2020 6:00:00 AM,11/16/2020 1:00:00 AM,RFC,7542.133
11/16/2020 5:00:00 AM,11/16/2020 12:00:00 AM,RFC,7847.100
11/16/2020 4:00:00 AM,11/15/2020 11:00:00 PM,RFC,8106.089
11/16/2020 3:00:00 AM,11/15/2020 10:00:00 PM,RFC,8126.510
11/16/2020 2:00:00 AM,11/15/2020 9:00:00 PM,RFC,7911.083
11/16/2020 1:00:00 AM,11/15/2020 8:00:00 PM,RFC,7981.333
11/16/2020 12:00:00 AM,11/15/2020 7:00:00 PM,RFC,8095.065
11/15/2020 11:00:00 PM,11/15/2020 6:00:00 PM,RFC,8034.578
11/15/2020 10:00:00 PM,11/15/2020 5:00:00 PM,RFC,7915.324
11/15/2020 9:00:00 PM,11/15/2020 4:00:00 PM,RFC,7646.447
11/15/2020 8:00:00 PM,11/15/2020 3:00:00 PM,RFC,7503.486
11/15/2020 7:00:00 PM,11/15/2020 2:00:00 PM,RFC,7269.314
11/15/2020 6:00:00 PM,11/15/2020 1:00:00 PM,RFC,7181.370
11/15/2020 5:00:00 PM,11/15/2020 12:00:00 PM,RFC,6953.174
11/15/2020 4:00:00 PM,11/15/2020 11:00:00 AM,RFC,6708.294
11/15/2020 3:00:00 PM,11/15/2020 10:00:00 AM,RFC,7383.066
11/15/2020 2:00:00 PM,11/15/2020 9:00:00 AM,RFC,7966.092
11/15/2020 1:00:00 PM,11/15/2020 8:00:00 AM,RFC,7815.894
11/15/2020 12:00:00 PM,11/15/2020 7:00:00 AM,RFC,7877.176
11/15/2020 11:00:00 AM,11/15/2020 6:00:00 AM,RFC,7954.941
11/15/2020 10:00:00 AM,11/15/2020 5:00:00 AM,RFC,7876.377
11/15/2020 9:00:00 AM,11/15/2020 4:00:00 AM,RFC,7589.626
11/15/2020 8:00:00 AM,11/15/2020 3:00:00 AM,RFC,7600.208
11/15/2020 7:00:00 AM,11/15/2020 2:00:00 AM,RFC,7760.277
11/15/2020 6:00:00 AM,11/15/2020 1:00:00 AM,RFC,7593.063
11/15/2020 5:00:00 AM,11/15/2020 12:00:00 AM,RFC,7636.695
11/15/2020 4:00:00 AM,11/14/2020 11:00:00 PM,RFC,7639.379
11/15/2020 3:00:00 AM,11/14/2020 10:00:00 PM,RFC,7584.925
11/15/2020 2:00:00 AM,11/14/2020 9:00:00 PM,RFC,7351.697
11/15/2020 1:00:00 AM,11/14/2020 8:00:00 PM,RFC,7177.564
11/15/2020 12:00:00 AM,11/14/2020 7:00:00 PM,RFC,6969.670
11/14/2020 11:00:00 PM,11/14/2020 6:00:00 PM,RFC,6678.467
11/14/2020 10:00:00 PM,11/14/2020 5:00:00 PM,RFC,6163.326
11/14/2020 9:00:00 PM,11/14/2020 4:00:00 PM,RFC,5760.722
11/14/2020 8:00:00 PM,11/14/2020 3:00:00 PM,RFC,5324.470
11/14/2020 7:00:00 PM,11/14/2020 2:00:00 PM,RFC,5177.643
11/14/2020 6:00:00 PM,11/14/2020 1:00:00 PM,RFC,4863.877
11/14/2020 5:00:00 PM,11/14/2020 12:00:00 PM,RFC,4635.981
11/14/2020 4:00:00 PM,11/14/2020 11:00:00 AM,RFC,4433.316
11/14/2020 3:00:00 PM,11/14/2020 10:00:00 AM,RFC,4717.258
11/14/2020 2:00:00 PM,11/14/2020 9:00:00 AM,RFC,4889.842
11/14/2020 1:00:00 PM,11/14/2020 8:00:00 AM,RFC,4966.278
11/14/2020 12:00:00 PM,11/14/2020 7:00:00 AM,RFC,5008.880
11/14/2020 11:00:00 AM,11/14/2020 6:00:00 AM,RFC,5009.762
11/14/2020 10:00:00 AM,11/14/2020 5:00:00 AM,RFC,4312.641
11/14/2020 9:00:00 AM,11/14/2020 4:00:00 AM,RFC,3598.826
11/14/2020 8:00:00 AM,11/14/2020 3:00:00 AM,RFC,3161.555
11/14/2020 7:00:00 AM,11/14/2020 2:00:00 AM,RFC,2470.963
11/14/2020 6:00:00 AM,11/14/2020 1:00:00 AM,RFC,1702.954
11/14/2020 5:00:00 AM,11/14/2020 12:00:00 AM,RFC,1222.289
11/14/2020 4:00:00 AM,11/13/2020 11:00:00 PM,RFC,1015.984
11/14/2020 3:00:00 AM,11/13/2020 10:00:00 PM,RFC,939.102
11/14/2020 2:00:00 AM,11/13/2020 9:00:00 PM,RFC,961.073
11/14/2020 1:00:00 AM,11/13/2020 8:00:00 PM,RFC,1082.988
11/14/2020 12:00:00 AM,11/13/2020 7:00:00 PM,RFC,1217.583
11/13/2020 11:00:00 PM,11/13/2020 6:00:00 PM,RFC,1368.843
11/13/2020 10:00:00 PM,11/13/2020 5:00:00 PM,RFC,1433.727
11/13/2020 9:00:00 PM,11/13/2020 4:00:00 PM,RFC,1526.951
11/13/2020 8:00:00 PM,11/13/2020 3:00:00 PM,RFC,1845.868
11/13/2020 7:00:00 PM,11/13/2020 2:00:00 PM,RFC,2265.758
11/13/2020 6:00:00 PM,11/13/2020 1:00:00 PM,RFC,2268.622
11/13/2020 5:00:00 PM,11/13/2020 12:00:00 PM,RFC,2515.872
11/13/2020 4:00:00 PM,11/13/2020 11:00:00 AM,RFC,3347.012
11/13/2020 3:00:00 PM,11/13/2020 10:00:00 AM,RFC,3853.044
11/13/2020 2:00:00 PM,11/13/2020 9:00:00 AM,RFC,4142.472
11/13/2020 1:00:00 PM,11/13/2020 8:00:00 AM,RFC,4267.775
11/13/2020 12:00:00 PM,11/13/2020 7:00:00 AM,RFC,4578.864
11/13/2020 11:00:00 AM,11/13/2020 6:00:00 AM,RFC,5184.419
11/13/2020 10:00:00 AM,11/13/2020 5:00:00 AM,RFC,5230.947
11/13/2020 9:00:00 AM,11/13/2020 4:00:00 AM,RFC,4453.935
11/13/2020 8:00:00 AM,11/13/2020 3:00:00 AM,RFC,4099.995
11/13/2020 7:00:00 AM,11/13/2020 2:00:00 AM,RFC,3248.005
11/13/2020 6:00:00 AM,11/13/2020 1:00:00 AM,RFC,1942.109
11/13/2020 5:00:00 AM,11/13/2020 12:00:00 AM,RFC,1502.809
11/13/2020 4:00:00 AM,11/12/2020 11:00:00 PM,RFC,1064.662
11/13/2020 3:00:00 AM,11/12/2020 10:00:00 PM,RFC,1360.030
11/13/2020 2:00:00 AM,11/12/2020 9:00:00 PM,RFC,1602.547
11/13/2020 1:00:00 AM,11/12/2020 8:00:00 PM,RFC,1570.527
11/13/2020 12:00:00 AM,11/12/2020 7:00:00 PM,RFC,1985.556
11/12/2020 11:00:00 PM,11/12/2020 6:00:00 PM,RFC,1802.252
11/12/2020 10:00:00 PM,11/12/2020 5:00:00 PM,RFC,1546.777
11/12/2020 9:00:00 PM,11/12/2020 4:00:00 PM,RFC,1307.168
11/12/2020 8:00:00 PM,11/12/2020 3:00:00 PM,RFC,1253.681
11/12/2020 7:00:00 PM,11/12/2020 2:00:00 PM,RFC,1160.656
11/12/2020 6:00:00 PM,11/12/2020 1:00:00 PM,RFC,1182.669
11/12/2020 5:00:00 PM,11/12/2020 12:00:00 PM,RFC,1059.173
11/12/2020 4:00:00 PM,11/12/2020 11:00:00 AM,RFC,784.724
11/12/2020 3:00:00 PM,11/12/2020 10:00:00 AM,RFC,654.388
11/12/2020 2:00:00 PM,11/12/2020 9:00:00 AM,RFC,851.178
11/12/2020 1:00:00 PM,11/12/2020 8:00:00 AM,RFC,1024.678
11/12/2020 12:00:00 PM,11/12/2020 7:00:00 AM,RFC,1109.595
11/12/2020 11:00:00 AM,11/12/2020 6:00:00 AM,RFC,1375.800
11/12/2020 10:00:00 AM,11/12/2020 5:00:00 AM,RFC,1571.668
11/12/2020 9:00:00 AM,11/12/2020 4:00:00 AM,RFC,1809.237
11/12/2020 8:00:00 AM,11/12/2020 3:00:00 AM,RFC,1748.807
11/12/2020 7:00:00 AM,11/12/2020 2:00:00 AM,RFC,1588.813
11/12/2020 6:00:00 AM,11/12/2020 1:00:00 AM,RFC,1396.990
11/12/2020 5:00:00 AM,11/12/2020 12:00:00 AM,RFC,1185.751
11/12/2020 4:00:00 AM,11/11/2020 11:00:00 PM,RFC,909.686
11/12/2020 3:00:00 AM,11/11/2020 10:00:00 PM,RFC,667.956
11/12/2020 2:00:00 AM,11/11/2020 9:00:00 PM,RFC,616.660
11/12/2020 1:00:00 AM,11/11/2020 8:00:00 PM,RFC,516.954
11/12/2020 12:00:00 AM,11/11/2020 7:00:00 PM,RFC,489.862
11/11/2020 11:00:00 PM,11/11/2020 6:00:00 PM,RFC,464.431
11/11/2020 10:00:00 PM,11/11/2020 5:00:00 PM,RFC,391.900
11/11/2020 9:00:00 PM,11/11/2020 4:00:00 PM,RFC,555.398
11/11/2020 8:00:00 PM,11/11/2020 3:00:00 PM,RFC,802.970
11/11/2020 7:00:00 PM,11/11/2020 2:00:00 PM,RFC,792.582
11/11/2020 6:00:00 PM,11/11/2020 1:00:00 PM,RFC,1005.503
11/11/2020 5:00:00 PM,11/11/2020 12:00:00 PM,RFC,1317.466
11/11/2020 4:00:00 PM,11/11/2020 11:00:00 AM,RFC,1693.170
11/11/2020 3:00:00 PM,11/11/2020 10:00:00 AM,RFC,2136.023
11/11/2020 2:00:00 PM,11/11/2020 9:00:00 AM,RFC,2888.592
11/11/2020 1:00:00 PM,11/11/2020 8:00:00 AM,RFC,3361.688
11/11/2020 12:00:00 PM,11/11/2020 7:00:00 AM,RFC,3742.111
11/11/2020 11:00:00 AM,11/11/2020 6:00:00 AM,RFC,4143.984
11/11/2020 10:00:00 AM,11/11/2020 5:00:00 AM,RFC,4667.481
11/11/2020 9:00:00 AM,11/11/2020 4:00:00 AM,RFC,5013.225
11/11/2020 8:00:00 AM,11/11/2020 3:00:00 AM,RFC,5386.527
11/11/2020 7:00:00 AM,11/11/2020 2:00:00 AM,RFC,5837.294
11/11/2020 6:00:00 AM,11/11/2020 1:00:00 AM,RFC,6421.793
11/11/2020 5:00:00 AM,11/11/2020 12:00:00 AM,RFC,6822.537
11/11/2020 4:00:00 AM,11/10/2020 11:00:00 PM,RFC,7190.534
11/11/2020 3:00:00 AM,11/10/2020 10:00:00 PM,RFC,7137.541
11/11/2020 2:00:00 AM,11/10/2020 9:00:00 PM,RFC,7069.252
11/11/2020 1:00:00 AM,11/10/2020 8:00:00 PM,RFC,6890.582
11/11/2020 12:00:00 AM,11/10/2020 7:00:00 PM,RFC,6720.406
11/10/2020 11:00:00 PM,11/10/2020 6:00:00 PM,RFC,6594.065
11/10/2020 10:00:00 PM,11/10/2020 5:00:00 PM,RFC,6238.961
11/10/2020 9:00:00 PM,11/10/2020 4:00:00 PM,RFC,6406.480
11/10/2020 8:00:00 PM,11/10/2020 3:00:00 PM,RFC,6474.258
11/10/2020 7:00:00 PM,11/10/2020 2:00:00 PM,RFC,6366.965
11/10/2020 6:00:00 PM,11/10/2020 1:00:00 PM,RFC,6390.264
11/10/2020 5:00:00 PM,11/10/2020 12:00:00 PM,RFC,6241.897
11/10/2020 4:00:00 PM,11/10/2020 11:00:00 AM,RFC,6209.004
11/10/2020 3:00:00 PM,11/10/2020 10:00:00 AM,RFC,6129.850
11/10/2020 2:00:00 PM,11/10/2020 9:00:00 AM,RFC,6031.209
11/10/2020 1:00:00 PM,11/10/2020 8:00:00 AM,RFC,5913.884
11/10/2020 12:00:00 PM,11/10/2020 7:00:00 AM,RFC,6246.376
11/10/2020 11:00:00 AM,11/10/2020 6:00:00 AM,RFC,6191.479
11/10/2020 10:00:00 AM,11/10/2020 5:00:00 AM,RFC,6100.456
11/10/2020 9:00:00 AM,11/10/2020 4:00:00 AM,RFC,6193.641
11/10/2020 8:00:00 AM,11/10/2020 3:00:00 AM,RFC,6405.229
11/10/2020 7:00:00 AM,11/10/2020 2:00:00 AM,RFC,6350.984
11/10/2020 6:00:00 AM,11/10/2020 1:00:00 AM,RFC,6276.124
11/10/2020 5:00:00 AM,11/10/2020 12:00:00 AM,RFC,6319.072
11/10/2020 4:00:00 AM,11/9/2020 11:00:00 PM,RFC,6495.514
11/10/2020 3:00:00 AM,11/9/2020 10:00:00 PM,RFC,6515.054
11/10/2020 2:00:00 AM,11/9/2020 9:00:00 PM,RFC,6328.014
11/10/2020 1:00:00 AM,11/9/2020 8:00:00 PM,RFC,5924.639
11/10/2020 12:00:00 AM,11/9/2020 7:00:00 PM,RFC,5090.741
11/9/2020 11:00:00 PM,11/9/2020 6:00:00 PM,RFC,4865.824
11/9/2020 10:00:00 PM,11/9/2020 5:00:00 PM,RFC,4977.161
11/9/2020 9:00:00 PM,11/9/2020 4:00:00 PM,RFC,5135.059
11/9/2020 8:00:00 PM,11/9/2020 3:00:00 PM,RFC,5187.192
11/9/2020 7:00:00 PM,11/9/2020 2:00:00 PM,RFC,5234.671
11/9/2020 6:00:00 PM,11/9/2020 1:00:00 PM,RFC,5133.212
11/9/2020 5:00:00 PM,11/9/2020 12:00:00 PM,RFC,5109.488
11/9/2020 4:00:00 PM,11/9/2020 11:00:00 AM,RFC,4719.799
11/9/2020 3:00:00 PM,11/9/2020 10:00:00 AM,RFC,4190.110
11/9/2020 2:00:00 PM,11/9/2020 9:00:00 AM,RFC,3657.247
11/9/2020 1:00:00 PM,11/9/2020 8:00:00 AM,RFC,4277.034
11/9/2020 12:00:00 PM,11/9/2020 7:00:00 AM,RFC,4656.646
11/9/2020 11:00:00 AM,11/9/2020 6:00:00 AM,RFC,4687.103
11/9/2020 10:00:00 AM,11/9/2020 5:00:00 AM,RFC,4631.622
11/9/2020 9:00:00 AM,11/9/2020 4:00:00 AM,RFC,4553.719
11/9/2020 8:00:00 AM,11/9/2020 3:00:00 AM,RFC,4717.552
11/9/2020 7:00:00 AM,11/9/2020 2:00:00 AM,RFC,5060.013
11/9/2020 6:00:00 AM,11/9/2020 1:00:00 AM,RFC,5254.271
11/9/2020 5:00:00 AM,11/9/2020 12:00:00 AM,RFC,5259.371
11/9/2020 4:00:00 AM,11/8/2020 11:00:00 PM,RFC,5225.989
11/9/2020 3:00:00 AM,11/8/2020 10:00:00 PM,RFC,5432.009
11/9/2020 2:00:00 AM,11/8/2020 9:00:00 PM,RFC,5385.884
11/9/2020 1:00:00 AM,11/8/2020 8:00:00 PM,RFC,4861.974
11/9/2020 12:00:00 AM,11/8/2020 7:00:00 PM,RFC,4060.141
11/8/2020 11:00:00 PM,11/8/2020 6:00:00 PM,RFC,3358.871
11/8/2020 10:00:00 PM,11/8/2020 5:00:00 PM,RFC,3582.156
11/8/2020 9:00:00 PM,11/8/2020 4:00:00 PM,RFC,4201.231
11/8/2020 8:00:00 PM,11/8/2020 3:00:00 PM,RFC,4462.093
11/8/2020 7:00:00 PM,11/8/2020 2:00:00 PM,RFC,4390.743
11/8/2020 6:00:00 PM,11/8/2020 1:00:00 PM,RFC,3920.353
11/8/2020 5:00:00 PM,11/8/2020 12:00:00 PM,RFC,3646.676
11/8/2020 4:00:00 PM,11/8/2020 11:00:00 AM,RFC,2990.390
11/8/2020 3:00:00 PM,11/8/2020 10:00:00 AM,RFC,2550.545
11/8/2020 2:00:00 PM,11/8/2020 9:00:00 AM,RFC,3127.026
11/8/2020 1:00:00 PM,11/8/2020 8:00:00 AM,RFC,3723.413
11/8/2020 12:00:00 PM,11/8/2020 7:00:00 AM,RFC,3836.809
11/8/2020 11:00:00 AM,11/8/2020 6:00:00 AM,RFC,3973.147
11/8/2020 10:00:00 AM,11/8/2020 5:00:00 AM,RFC,4168.252
11/8/2020 9:00:00 AM,11/8/2020 4:00:00 AM,RFC,4465.930
11/8/2020 8:00:00 AM,11/8/2020 3:00:00 AM,RFC,4639.692
11/8/2020 7:00:00 AM,11/8/2020 2:00:00 AM,RFC,4827.549
11/8/2020 6:00:00 AM,11/8/2020 1:00:00 AM,RFC,4951.016
11/8/2020 5:00:00 AM,11/8/2020 12:00:00 AM,RFC,5115.295
11/8/2020 4:00:00 AM,11/7/2020 11:00:00 PM,RFC,5150.699
11/8/2020 3:00:00 AM,11/7/2020 10:00:00 PM,RFC,5085.072
11/8/2020 2:00:00 AM,11/7/2020 9:00:00 PM,RFC,4861.837
11/8/2020 1:00:00 AM,11/7/2020 8:00:00 PM,RFC,4230.037
11/8/2020 12:00:00 AM,11/7/2020 7:00:00 PM,RFC,3441.931
11/7/2020 11:00:00 PM,11/7/2020 6:00:00 PM,RFC,2595.088
11/7/2020 10:00:00 PM,11/7/2020 5:00:00 PM,RFC,1898.107
11/7/2020 9:00:00 PM,11/7/2020 4:00:00 PM,RFC,1838.758
11/7/2020 8:00:00 PM,11/7/2020 3:00:00 PM,RFC,2005.702
11/7/2020 7:00:00 PM,11/7/2020 2:00:00 PM,RFC,2193.123
11/7/2020 6:00:00 PM,11/7/2020 1:00:00 PM,RFC,2317.326
11/7/2020 5:00:00 PM,11/7/2020 12:00:00 PM,RFC,2402.004
11/7/2020 4:00:00 PM,11/7/2020 11:00:00 AM,RFC,2181.543
11/7/2020 3:00:00 PM,11/7/2020 10:00:00 AM,RFC,1818.639
11/7/2020 2:00:00 PM,11/7/2020 9:00:00 AM,RFC,2535.111
11/7/2020 1:00:00 PM,11/7/2020 8:00:00 AM,RFC,3827.817
11/7/2020 12:00:00 PM,11/7/2020 7:00:00 AM,RFC,4230.346
11/7/2020 11:00:00 AM,11/7/2020 6:00:00 AM,RFC,4347.977
11/7/2020 10:00:00 AM,11/7/2020 5:00:00 AM,RFC,4753.118
11/7/2020 9:00:00 AM,11/7/2020 4:00:00 AM,RFC,5333.332
11/7/2020 8:00:00 AM,11/7/2020 3:00:00 AM,RFC,5831.794
11/7/2020 7:00:00 AM,11/7/2020 2:00:00 AM,RFC,6050.501
11/7/2020 6:00:00 AM,11/7/2020 1:00:00 AM,RFC,6067.497
11/7/2020 5:00:00 AM,11/7/2020 12:00:00 AM,RFC,6267.709
11/7/2020 4:00:00 AM,11/6/2020 11:00:00 PM,RFC,6235.758
11/7/2020 3:00:00 AM,11/6/2020 10:00:00 PM,RFC,6085.247
11/7/2020 2:00:00 AM,11/6/2020 9:00:00 PM,RFC,5910.142
11/7/2020 1:00:00 AM,11/6/2020 8:00:00 PM,RFC,5478.504
11/7/2020 12:00:00 AM,11/6/2020 7:00:00 PM,RFC,4876.183
11/6/2020 11:00:00 PM,11/6/2020 6:00:00 PM,RFC,3859.898
11/6/2020 10:00:00 PM,11/6/2020 5:00:00 PM,RFC,2465.474
11/6/2020 9:00:00 PM,11/6/2020 4:00:00 PM,RFC,2053.601
11/6/2020 8:00:00 PM,11/6/2020 3:00:00 PM,RFC,2307.725
11/6/2020 7:00:00 PM,11/6/2020 2:00:00 PM,RFC,2391.438
11/6/2020 6:00:00 PM,11/6/2020 1:00:00 PM,RFC,2042.417
11/6/2020 5:00:00 PM,11/6/2020 12:00:00 PM,RFC,1255.471
11/6/2020 4:00:00 PM,11/6/2020 11:00:00 AM,RFC,984.949
11/6/2020 3:00:00 PM,11/6/2020 10:00:00 AM,RFC,1267.603
11/6/2020 2:00:00 PM,11/6/2020 9:00:00 AM,RFC,1829.819
11/6/2020 1:00:00 PM,11/6/2020 8:00:00 AM,RFC,2885.810
11/6/2020 12:00:00 PM,11/6/2020 7:00:00 AM,RFC,3333.275
11/6/2020 11:00:00 AM,11/6/2020 6:00:00 AM,RFC,3557.773
11/6/2020 10:00:00 AM,11/6/2020 5:00:00 AM,RFC,3851.045
11/6/2020 9:00:00 AM,11/6/2020 4:00:00 AM,RFC,4382.344
11/6/2020 8:00:00 AM,11/6/2020 3:00:00 AM,RFC,4730.020
11/6/2020 7:00:00 AM,11/6/2020 2:00:00 AM,RFC,5258.030
11/6/2020 6:00:00 AM,11/6/2020 1:00:00 AM,RFC,5596.286
11/6/2020 5:00:00 AM,11/6/2020 12:00:00 AM,RFC,5426.678
11/6/2020 4:00:00 AM,11/5/2020 11:00:00 PM,RFC,5016.800
11/6/2020 3:00:00 AM,11/5/2020 10:00:00 PM,RFC,5008.298
11/6/2020 2:00:00 AM,11/5/2020 9:00:00 PM,RFC,4911.557
11/6/2020 1:00:00 AM,11/5/2020 8:00:00 PM,RFC,4973.684
11/6/2020 12:00:00 AM,11/5/2020 7:00:00 PM,RFC,4167.246
11/5/2020 11:00:00 PM,11/5/2020 6:00:00 PM,RFC,3422.747
11/5/2020 10:00:00 PM,11/5/2020 5:00:00 PM,RFC,3224.646
11/5/2020 9:00:00 PM,11/5/2020 4:00:00 PM,RFC,2677.405
11/5/2020 8:00:00 PM,11/5/2020 3:00:00 PM,RFC,2289.546
11/5/2020 7:00:00 PM,11/5/2020 2:00:00 PM,RFC,2342.228
11/5/2020 6:00:00 PM,11/5/2020 1:00:00 PM,RFC,2233.685
11/5/2020 5:00:00 PM,11/5/2020 12:00:00 PM,RFC,2309.932
11/5/2020 4:00:00 PM,11/5/2020 11:00:00 AM,RFC,2915.947
11/5/2020 3:00:00 PM,11/5/2020 10:00:00 AM,RFC,3524.962
11/5/2020 2:00:00 PM,11/5/2020 9:00:00 AM,RFC,4460.720
11/5/2020 1:00:00 PM,11/5/2020 8:00:00 AM,RFC,5497.848
11/5/2020 12:00:00 PM,11/5/2020 7:00:00 AM,RFC,6083.142
11/5/2020 11:00:00 AM,11/5/2020 6:00:00 AM,RFC,6210.782
11/5/2020 10:00:00 AM,11/5/2020 5:00:00 AM,RFC,6042.218
11/5/2020 9:00:00 AM,11/5/2020 4:00:00 AM,RFC,6016.680
11/5/2020 8:00:00 AM,11/5/2020 3:00:00 AM,RFC,6136.636
11/5/2020 7:00:00 AM,11/5/2020 2:00:00 AM,RFC,6157.658
11/5/2020 6:00:00 AM,11/5/2020 1:00:00 AM,RFC,6259.609
11/5/2020 5:00:00 AM,11/5/2020 12:00:00 AM,RFC,6252.814
11/5/2020 4:00:00 AM,11/4/2020 11:00:00 PM,RFC,6378.319
11/5/2020 3:00:00 AM,11/4/2020 10:00:00 PM,RFC,6641.894
11/5/2020 2:00:00 AM,11/4/2020 9:00:00 PM,RFC,6754.452
11/5/2020 1:00:00 AM,11/4/2020 8:00:00 PM,RFC,6553.724
11/5/2020 12:00:00 AM,11/4/2020 7:00:00 PM,RFC,6302.097
11/4/2020 11:00:00 PM,11/4/2020 6:00:00 PM,RFC,6013.419
11/4/2020 10:00:00 PM,11/4/2020 5:00:00 PM,RFC,5533.996
11/4/2020 9:00:00 PM,11/4/2020 4:00:00 PM,RFC,5407.161
11/4/2020 8:00:00 PM,11/4/2020 3:00:00 PM,RFC,5518.626
11/4/2020 7:00:00 PM,11/4/2020 2:00:00 PM,RFC,4980.884
11/4/2020 6:00:00 PM,11/4/2020 1:00:00 PM,RFC,4320.836
11/4/2020 5:00:00 PM,11/4/2020 12:00:00 PM,RFC,3423.088
11/4/2020 4:00:00 PM,11/4/2020 11:00:00 AM,RFC,3479.313
11/4/2020 3:00:00 PM,11/4/2020 10:00:00 AM,RFC,3729.316
11/4/2020 2:00:00 PM,11/4/2020 9:00:00 AM,RFC,4579.698
11/4/2020 1:00:00 PM,11/4/2020 8:00:00 AM,RFC,6011.827
11/4/2020 12:00:00 PM,11/4/2020 7:00:00 AM,RFC,6619.004
11/4/2020 11:00:00 AM,11/4/2020 6:00:00 AM,RFC,6724.223
11/4/2020 10:00:00 AM,11/4/2020 5:00:00 AM,RFC,6728.906
11/4/2020 9:00:00 AM,11/4/2020 4:00:00 AM,RFC,6790.359
11/4/2020 8:00:00 AM,11/4/2020 3:00:00 AM,RFC,6798.029
11/4/2020 7:00:00 AM,11/4/2020 2:00:00 AM,RFC,6974.365
11/4/2020 6:00:00 AM,11/4/2020 1:00:00 AM,RFC,7086.366
11/4/2020 5:00:00 AM,11/4/2020 12:00:00 AM,RFC,6967.987
11/4/2020 4:00:00 AM,11/3/2020 11:00:00 PM,RFC,7176.245
11/4/2020 3:00:00 AM,11/3/2020 10:00:00 PM,RFC,7329.808
11/4/2020 2:00:00 AM,11/3/2020 9:00:00 PM,RFC,7448.389
11/4/2020 1:00:00 AM,11/3/2020 8:00:00 PM,RFC,7195.539
11/4/2020 12:00:00 AM,11/3/2020 7:00:00 PM,RFC,6602.908
11/3/2020 11:00:00 PM,11/3/2020 6:00:00 PM,RFC,5823.963
11/3/2020 10:00:00 PM,11/3/2020 5:00:00 PM,RFC,4735.876
11/3/2020 9:00:00 PM,11/3/2020 4:00:00 PM,RFC,4480.650
11/3/2020 8:00:00 PM,11/3/2020 3:00:00 PM,RFC,4785.061
11/3/2020 7:00:00 PM,11/3/2020 2:00:00 PM,RFC,4811.882
11/3/2020 6:00:00 PM,11/3/2020 1:00:00 PM,RFC,4593.660
11/3/2020 5:00:00 PM,11/3/2020 12:00:00 PM,RFC,3764.975
11/3/2020 4:00:00 PM,11/3/2020 11:00:00 AM,RFC,2409.671
11/3/2020 3:00:00 PM,11/3/2020 10:00:00 AM,RFC,2053.239
11/3/2020 2:00:00 PM,11/3/2020 9:00:00 AM,RFC,2854.342
11/3/2020 1:00:00 PM,11/3/2020 8:00:00 AM,RFC,3677.273
11/3/2020 12:00:00 PM,11/3/2020 7:00:00 AM,RFC,4102.444
11/3/2020 11:00:00 AM,11/3/2020 6:00:00 AM,RFC,4042.168
11/3/2020 10:00:00 AM,11/3/2020 5:00:00 AM,RFC,4043.102
11/3/2020 9:00:00 AM,11/3/2020 4:00:00 AM,RFC,4358.282
11/3/2020 8:00:00 AM,11/3/2020 3:00:00 AM,RFC,5197.326
11/3/2020 7:00:00 AM,11/3/2020 2:00:00 AM,RFC,5889.745
11/3/2020 6:00:00 AM,11/3/2020 1:00:00 AM,RFC,6475.432
11/3/2020 5:00:00 AM,11/3/2020 12:00:00 AM,RFC,6903.524
11/3/2020 4:00:00 AM,11/2/2020 11:00:00 PM,RFC,7099.488
11/3/2020 3:00:00 AM,11/2/2020 10:00:00 PM,RFC,7390.146
11/3/2020 2:00:00 AM,11/2/2020 9:00:00 PM,RFC,7487.247
11/3/2020 1:00:00 AM,11/2/2020 8:00:00 PM,RFC,7381.095
11/3/2020 12:00:00 AM,11/2/2020 7:00:00 PM,RFC,7037.958
11/2/2020 11:00:00 PM,11/2/2020 6:00:00 PM,RFC,6367.843
11/2/2020 10:00:00 PM,11/2/2020 5:00:00 PM,RFC,6075.595
11/2/2020 9:00:00 PM,11/2/2020 4:00:00 PM,RFC,6342.570
11/2/2020 8:00:00 PM,11/2/2020 3:00:00 PM,RFC,6422.189
11/2/2020 7:00:00 PM,11/2/2020 2:00:00 PM,RFC,6478.949
11/2/2020 6:00:00 PM,11/2/2020 1:00:00 PM,RFC,6183.257
11/2/2020 5:00:00 PM,11/2/2020 12:00:00 PM,RFC,5616.857
11/2/2020 4:00:00 PM,11/2/2020 11:00:00 AM,RFC,4729.773
11/2/2020 3:00:00 PM,11/2/2020 10:00:00 AM,RFC,3929.340
11/2/2020 2:00:00 PM,11/2/2020 9:00:00 AM,RFC,3152.332
11/2/2020 1:00:00 PM,11/2/2020 8:00:00 AM,RFC,3016.214
11/2/2020 12:00:00 PM,11/2/2020 7:00:00 AM,RFC,2867.200
11/2/2020 11:00:00 AM,11/2/2020 6:00:00 AM,RFC,2882.768
11/2/2020 10:00:00 AM,11/2/2020 5:00:00 AM,RFC,3050.525
11/2/2020 9:00:00 AM,11/2/2020 4:00:00 AM,RFC,3506.585
11/2/2020 8:00:00 AM,11/2/2020 3:00:00 AM,RFC,4150.182
11/2/2020 7:00:00 AM,11/2/2020 2:00:00 AM,RFC,4741.435
11/2/2020 6:00:00 AM,11/2/2020 1:00:00 AM,RFC,5081.282
11/2/2020 5:00:00 AM,11/2/2020 12:00:00 AM,RFC,5471.105
11/2/2020 4:00:00 AM,11/1/2020 11:00:00 PM,RFC,5744.385
11/2/2020 3:00:00 AM,11/1/2020 10:00:00 PM,RFC,5774.735
11/2/2020 2:00:00 AM,11/1/2020 9:00:00 PM,RFC,5953.520
11/2/2020 1:00:00 AM,11/1/2020 8:00:00 PM,RFC,6223.148
11/2/2020 12:00:00 AM,11/1/2020 7:00:00 PM,RFC,6451.771
11/1/2020 11:00:00 PM,11/1/2020 6:00:00 PM,RFC,6846.262
11/1/2020 10:00:00 PM,11/1/2020 5:00:00 PM,RFC,7757.896
11/1/2020 9:00:00 PM,11/1/2020 4:00:00 PM,RFC,8017.912
11/1/2020 8:00:00 PM,11/1/2020 3:00:00 PM,RFC,8021.553
11/1/2020 7:00:00 PM,11/1/2020 2:00:00 PM,RFC,8007.407
11/1/2020 6:00:00 PM,11/1/2020 1:00:00 PM,RFC,8029.071
11/1/2020 5:00:00 PM,11/1/2020 12:00:00 PM,RFC,8037.169
11/1/2020 4:00:00 PM,11/1/2020 11:00:00 AM,RFC,8061.497
11/1/2020 3:00:00 PM,11/1/2020 10:00:00 AM,RFC,7988.249
11/1/2020 2:00:00 PM,11/1/2020 9:00:00 AM,RFC,7896.181
11/1/2020 1:00:00 PM,11/1/2020 8:00:00 AM,RFC,7688.881
11/1/2020 12:00:00 PM,11/1/2020 7:00:00 AM,RFC,7460.087
11/1/2020 11:00:00 AM,11/1/2020 6:00:00 AM,RFC,7555.369
11/1/2020 10:00:00 AM,11/1/2020 5:00:00 AM,RFC,7458.445
11/1/2020 9:00:00 AM,11/1/2020 4:00:00 AM,RFC,7390.795
11/1/2020 8:00:00 AM,11/1/2020 3:00:00 AM,RFC,7081.858
11/1/2020 7:00:00 AM,11/1/2020 2:00:00 AM,RFC,7034.959
11/1/2020 6:00:00 AM,11/1/2020 1:00:00 AM,RFC,7156.910
11/1/2020 5:00:00 AM,11/1/2020 1:00:00 AM,RFC,6933.698
11/1/2020 4:00:00 AM,11/1/2020 12:00:00 AM,RFC,7154.106
11/1/2020 3:00:00 AM,10/31/2020 11:00:00 PM,RFC,7311.085
11/1/2020 2:00:00 AM,10/31/2020 10:00:00 PM,RFC,7425.747
11/1/2020 1:00:00 AM,10/31/2020 9:00:00 PM,RFC,7397.263
11/1/2020 12:00:00 AM,10/31/2020 8:00:00 PM,RFC,7373.167
10/31/2020 11:00:00 PM,10/31/2020 7:00:00 PM,RFC,6939.650
10/31/2020 10:00:00 PM,10/31/2020 6:00:00 PM,RFC,6402.679
10/31/2020 9:00:00 PM,10/31/2020 5:00:00 PM,RFC,6266.628
10/31/2020 8:00:00 PM,10/31/2020 4:00:00 PM,RFC,5946.071
10/31/2020 7:00:00 PM,10/31/2020 3:00:00 PM,RFC,5464.130
10/31/2020 6:00:00 PM,10/31/2020 2:00:00 PM,RFC,4964.988
10/31/2020 5:00:00 PM,10/31/2020 1:00:00 PM,RFC,5002.067
10/31/2020 4:00:00 PM,10/31/2020 12:00:00 PM,RFC,5517.857
10/31/2020 3:00:00 PM,10/31/2020 11:00:00 AM,RFC,5247.608
10/31/2020 2:00:00 PM,10/31/2020 10:00:00 AM,RFC,4633.807
10/31/2020 1:00:00 PM,10/31/2020 9:00:00 AM,RFC,5229.287
10/31/2020 12:00:00 PM,10/31/2020 8:00:00 AM,RFC,5368.221
10/31/2020 11:00:00 AM,10/31/2020 7:00:00 AM,RFC,4721.472
10/31/2020 10:00:00 AM,10/31/2020 6:00:00 AM,RFC,4292.693
10/31/2020 9:00:00 AM,10/31/2020 5:00:00 AM,RFC,4011.586
10/31/2020 8:00:00 AM,10/31/2020 4:00:00 AM,RFC,3653.374
10/31/2020 7:00:00 AM,10/31/2020 3:00:00 AM,RFC,3182.109
10/31/2020 6:00:00 AM,10/31/2020 2:00:00 AM,RFC,2833.838
10/31/2020 5:00:00 AM,10/31/2020 1:00:00 AM,RFC,2560.481
10/31/2020 4:00:00 AM,10/31/2020 12:00:00 AM,RFC,2249.405
10/31/2020 3:00:00 AM,10/30/2020 11:00:00 PM,RFC,1994.683
10/31/2020 2:00:00 AM,10/30/2020 10:00:00 PM,RFC,1823.645
10/31/2020 1:00:00 AM,10/30/2020 9:00:00 PM,RFC,1382.127
10/31/2020 12:00:00 AM,10/30/2020 8:00:00 PM,RFC,1068.924
10/30/2020 11:00:00 PM,10/30/2020 7:00:00 PM,RFC,965.843
10/30/2020 10:00:00 PM,10/30/2020 6:00:00 PM,RFC,1161.061
10/30/2020 9:00:00 PM,10/30/2020 5:00:00 PM,RFC,1191.899
10/30/2020 8:00:00 PM,10/30/2020 4:00:00 PM,RFC,1433.834
10/30/2020 7:00:00 PM,10/30/2020 3:00:00 PM,RFC,1676.025
10/30/2020 6:00:00 PM,10/30/2020 2:00:00 PM,RFC,1804.787
10/30/2020 5:00:00 PM,10/30/2020 1:00:00 PM,RFC,1745.860
10/30/2020 4:00:00 PM,10/30/2020 12:00:00 PM,RFC,1684.748
10/30/2020 3:00:00 PM,10/30/2020 11:00:00 AM,RFC,1658.805
10/30/2020 2:00:00 PM,10/30/2020 10:00:00 AM,RFC,1455.758
10/30/2020 1:00:00 PM,10/30/2020 9:00:00 AM,RFC,1485.740
10/30/2020 12:00:00 PM,10/30/2020 8:00:00 AM,RFC,1931.756
10/30/2020 11:00:00 AM,10/30/2020 7:00:00 AM,RFC,2254.736
10/30/2020 10:00:00 AM,10/30/2020 6:00:00 AM,RFC,2135.138
10/30/2020 9:00:00 AM,10/30/2020 5:00:00 AM,RFC,2232.862
10/30/2020 8:00:00 AM,10/30/2020 4:00:00 AM,RFC,2247.676
10/30/2020 7:00:00 AM,10/30/2020 3:00:00 AM,RFC,2212.578
10/30/2020 6:00:00 AM,10/30/2020 2:00:00 AM,RFC,2350.004
10/30/2020 5:00:00 AM,10/30/2020 1:00:00 AM,RFC,2373.049
10/30/2020 4:00:00 AM,10/30/2020 12:00:00 AM,RFC,2553.486
10/30/2020 3:00:00 AM,10/29/2020 11:00:00 PM,RFC,2736.645
10/30/2020 2:00:00 AM,10/29/2020 10:00:00 PM,RFC,3238.126
10/30/2020 1:00:00 AM,10/29/2020 9:00:00 PM,RFC,4211.684
10/30/2020 12:00:00 AM,10/29/2020 8:00:00 PM,RFC,4973.285
10/29/2020 11:00:00 PM,10/29/2020 7:00:00 PM,RFC,5523.764
10/29/2020 10:00:00 PM,10/29/2020 6:00:00 PM,RFC,5757.910
10/29/2020 9:00:00 PM,10/29/2020 5:00:00 PM,RFC,5898.715
10/29/2020 8:00:00 PM,10/29/2020 4:00:00 PM,RFC,5651.344
10/29/2020 7:00:00 PM,10/29/2020 3:00:00 PM,RFC,5320.852
10/29/2020 6:00:00 PM,10/29/2020 2:00:00 PM,RFC,5173.106
10/29/2020 5:00:00 PM,10/29/2020 1:00:00 PM,RFC,5000.256
10/29/2020 4:00:00 PM,10/29/2020 12:00:00 PM,RFC,5175.475
10/29/2020 3:00:00 PM,10/29/2020 11:00:00 AM,RFC,5137.764
10/29/2020 2:00:00 PM,10/29/2020 10:00:00 AM,RFC,4815.067
10/29/2020 1:00:00 PM,10/29/2020 9:00:00 AM,RFC,4833.754
10/29/2020 12:00:00 PM,10/29/2020 8:00:00 AM,RFC,4606.286
10/29/2020 11:00:00 AM,10/29/2020 7:00:00 AM,RFC,4329.107
10/29/2020 10:00:00 AM,10/29/2020 6:00:00 AM,RFC,4146.517
10/29/2020 9:00:00 AM,10/29/2020 5:00:00 AM,RFC,3540.777
10/29/2020 8:00:00 AM,10/29/2020 4:00:00 AM,RFC,2272.765
10/29/2020 7:00:00 AM,10/29/2020 3:00:00 AM,RFC,1023.854
10/29/2020 6:00:00 AM,10/29/2020 2:00:00 AM,RFC,601.081
10/29/2020 5:00:00 AM,10/29/2020 1:00:00 AM,RFC,466.563
10/29/2020 4:00:00 AM,10/29/2020 12:00:00 AM,RFC,268.848
10/29/2020 3:00:00 AM,10/28/2020 11:00:00 PM,RFC,367.008
10/29/2020 2:00:00 AM,10/28/2020 10:00:00 PM,RFC,423.233
10/29/2020 1:00:00 AM,10/28/2020 9:00:00 PM,RFC,357.723
10/29/2020 12:00:00 AM,10/28/2020 8:00:00 PM,RFC,441.678
10/28/2020 11:00:00 PM,10/28/2020 7:00:00 PM,RFC,467.663
10/28/2020 10:00:00 PM,10/28/2020 6:00:00 PM,RFC,519.309
10/28/2020 9:00:00 PM,10/28/2020 5:00:00 PM,RFC,658.305
10/28/2020 8:00:00 PM,10/28/2020 4:00:00 PM,RFC,782.558
10/28/2020 7:00:00 PM,10/28/2020 3:00:00 PM,RFC,892.001
10/28/2020 6:00:00 PM,10/28/2020 2:00:00 PM,RFC,828.760
10/28/2020 5:00:00 PM,10/28/2020 1:00:00 PM,RFC,687.567
10/28/2020 4:00:00 PM,10/28/2020 12:00:00 PM,RFC,877.463
10/28/2020 3:00:00 PM,10/28/2020 11:00:00 AM,RFC,1150.567
10/28/2020 2:00:00 PM,10/28/2020 10:00:00 AM,RFC,1362.945
10/28/2020 1:00:00 PM,10/28/2020 9:00:00 AM,RFC,1585.455
10/28/2020 12:00:00 PM,10/28/2020 8:00:00 AM,RFC,1797.560
10/28/2020 11:00:00 AM,10/28/2020 7:00:00 AM,RFC,1911.677
10/28/2020 10:00:00 AM,10/28/2020 6:00:00 AM,RFC,1970.179
10/28/2020 9:00:00 AM,10/28/2020 5:00:00 AM,RFC,1864.240
10/28/2020 8:00:00 AM,10/28/2020 4:00:00 AM,RFC,1471.457
10/28/2020 7:00:00 AM,10/28/2020 3:00:00 AM,RFC,1186.574
10/28/2020 6:00:00 AM,10/28/2020 2:00:00 AM,RFC,827.666
10/28/2020 5:00:00 AM,10/28/2020 1:00:00 AM,RFC,643.830
10/28/2020 4:00:00 AM,10/28/2020 12:00:00 AM,RFC,497.205
10/28/2020 3:00:00 AM,10/27/2020 11:00:00 PM,RFC,351.539
10/28/2020 2:00:00 AM,10/27/2020 10:00:00 PM,RFC,292.530
10/28/2020 1:00:00 AM,10/27/2020 9:00:00 PM,RFC,202.073
10/28/2020 12:00:00 AM,10/27/2020 8:00:00 PM,RFC,141.380
10/27/2020 11:00:00 PM,10/27/2020 7:00:00 PM,RFC,101.483
10/27/2020 10:00:00 PM,10/27/2020 6:00:00 PM,RFC,100.101
10/27/2020 9:00:00 PM,10/27/2020 5:00:00 PM,RFC,113.528
10/27/2020 8:00:00 PM,10/27/2020 4:00:00 PM,RFC,266.621
10/27/2020 7:00:00 PM,10/27/2020 3:00:00 PM,RFC,320.891
10/27/2020 6:00:00 PM,10/27/2020 2:00:00 PM,RFC,270.172
10/27/2020 5:00:00 PM,10/27/2020 1:00:00 PM,RFC,302.487
10/27/2020 4:00:00 PM,10/27/2020 12:00:00 PM,RFC,232.169
10/27/2020 3:00:00 PM,10/27/2020 11:00:00 AM,RFC,119.580
10/27/2020 2:00:00 PM,10/27/2020 10:00:00 AM,RFC,100.971
10/27/2020 1:00:00 PM,10/27/2020 9:00:00 AM,RFC,126.995
10/27/2020 12:00:00 PM,10/27/2020 8:00:00 AM,RFC,233.030
10/27/2020 11:00:00 AM,10/27/2020 7:00:00 AM,RFC,230.281
10/27/2020 10:00:00 AM,10/27/2020 6:00:00 AM,RFC,332.127
10/27/2020 9:00:00 AM,10/27/2020 5:00:00 AM,RFC,464.112
10/27/2020 8:00:00 AM,10/27/2020 4:00:00 AM,RFC,473.308
10/27/2020 7:00:00 AM,10/27/2020 3:00:00 AM,RFC,660.634
10/27/2020 6:00:00 AM,10/27/2020 2:00:00 AM,RFC,832.216
10/27/2020 5:00:00 AM,10/27/2020 1:00:00 AM,RFC,900.849
10/27/2020 4:00:00 AM,10/27/2020 12:00:00 AM,RFC,708.182
10/27/2020 3:00:00 AM,10/26/2020 11:00:00 PM,RFC,534.882
10/27/2020 2:00:00 AM,10/26/2020 10:00:00 PM,RFC,579.612
10/27/2020 1:00:00 AM,10/26/2020 9:00:00 PM,RFC,662.919
10/27/2020 12:00:00 AM,10/26/2020 8:00:00 PM,RFC,699.520
10/26/2020 11:00:00 PM,10/26/2020 7:00:00 PM,RFC,874.415
10/26/2020 10:00:00 PM,10/26/2020 6:00:00 PM,RFC,1197.400
10/26/2020 9:00:00 PM,10/26/2020 5:00:00 PM,RFC,1336.259
10/26/2020 8:00:00 PM,10/26/2020 4:00:00 PM,RFC,1482.487
10/26/2020 7:00:00 PM,10/26/2020 3:00:00 PM,RFC,1551.781
10/26/2020 6:00:00 PM,10/26/2020 2:00:00 PM,RFC,1680.784
10/26/2020 5:00:00 PM,10/26/2020 1:00:00 PM,RFC,1839.587
10/26/2020 4:00:00 PM,10/26/2020 12:00:00 PM,RFC,2060.005
10/26/2020 3:00:00 PM,10/26/2020 11:00:00 AM,RFC,1960.998
10/26/2020 2:00:00 PM,10/26/2020 10:00:00 AM,RFC,1711.154
10/26/2020 1:00:00 PM,10/26/2020 9:00:00 AM,RFC,1892.693
10/26/2020 12:00:00 PM,10/26/2020 8:00:00 AM,RFC,2347.003
10/26/2020 11:00:00 AM,10/26/2020 7:00:00 AM,RFC,2657.728
10/26/2020 10:00:00 AM,10/26/2020 6:00:00 AM,RFC,2779.529
10/26/2020 9:00:00 AM,10/26/2020 5:00:00 AM,RFC,2584.140
10/26/2020 8:00:00 AM,10/26/2020 4:00:00 AM,RFC,2365.379
10/26/2020 7:00:00 AM,10/26/2020 3:00:00 AM,RFC,2548.549
10/26/2020 6:00:00 AM,10/26/2020 2:00:00 AM,RFC,2387.059
10/26/2020 5:00:00 AM,10/26/2020 1:00:00 AM,RFC,2267.606
10/26/2020 4:00:00 AM,10/26/2020 12:00:00 AM,RFC,2230.479
10/26/2020 3:00:00 AM,10/25/2020 11:00:00 PM,RFC,2291.598
10/26/2020 2:00:00 AM,10/25/2020 10:00:00 PM,RFC,2319.232
10/26/2020 1:00:00 AM,10/25/2020 9:00:00 PM,RFC,2357.651
10/26/2020 12:00:00 AM,10/25/2020 8:00:00 PM,RFC,2622.370
10/25/2020 11:00:00 PM,10/25/2020 7:00:00 PM,RFC,2782.866
10/25/2020 10:00:00 PM,10/25/2020 6:00:00 PM,RFC,2745.422
10/25/2020 9:00:00 PM,10/25/2020 5:00:00 PM,RFC,2604.992
10/25/2020 8:00:00 PM,10/25/2020 4:00:00 PM,RFC,2496.680
10/25/2020 7:00:00 PM,10/25/2020 3:00:00 PM,RFC,2533.709
10/25/2020 6:00:00 PM,10/25/2020 2:00:00 PM,RFC,2507.403
10/25/2020 5:00:00 PM,10/25/2020 1:00:00 PM,RFC,2808.032
10/25/2020 4:00:00 PM,10/25/2020 12:00:00 PM,RFC,3247.684
10/25/2020 3:00:00 PM,10/25/2020 11:00:00 AM,RFC,3387.042
10/25/2020 2:00:00 PM,10/25/2020 10:00:00 AM,RFC,3053.271
10/25/2020 1:00:00 PM,10/25/2020 9:00:00 AM,RFC,2819.624
10/25/2020 12:00:00 PM,10/25/2020 8:00:00 AM,RFC,2861.608
10/25/2020 11:00:00 AM,10/25/2020 7:00:00 AM,RFC,2904.473
10/25/2020 10:00:00 AM,10/25/2020 6:00:00 AM,RFC,2848.098
10/25/2020 9:00:00 AM,10/25/2020 5:00:00 AM,RFC,2617.742
10/25/2020 8:00:00 AM,10/25/2020 4:00:00 AM,RFC,2474.812
10/25/2020 7:00:00 AM,10/25/2020 3:00:00 AM,RFC,2322.506
10/25/2020 6:00:00 AM,10/25/2020 2:00:00 AM,RFC,2249.623
10/25/2020 5:00:00 AM,10/25/2020 1:00:00 AM,RFC,2221.144
10/25/2020 4:00:00 AM,10/25/2020 12:00:00 AM,RFC,2373.487
10/25/2020 3:00:00 AM,10/24/2020 11:00:00 PM,RFC,2864.284
10/25/2020 2:00:00 AM,10/24/2020 10:00:00 PM,RFC,3077.351
10/25/2020 1:00:00 AM,10/24/2020 9:00:00 PM,RFC,2597.800
10/25/2020 12:00:00 AM,10/24/2020 8:00:00 PM,RFC,2098.343
10/24/2020 11:00:00 PM,10/24/2020 7:00:00 PM,RFC,1868.810
10/24/2020 10:00:00 PM,10/24/2020 6:00:00 PM,RFC,1553.188
10/24/2020 9:00:00 PM,10/24/2020 5:00:00 PM,RFC,1308.251
10/24/2020 8:00:00 PM,10/24/2020 4:00:00 PM,RFC,926.848
10/24/2020 7:00:00 PM,10/24/2020 3:00:00 PM,RFC,811.457
10/24/2020 6:00:00 PM,10/24/2020 2:00:00 PM,RFC,938.264
10/24/2020 5:00:00 PM,10/24/2020 1:00:00 PM,RFC,901.470
10/24/2020 4:00:00 PM,10/24/2020 12:00:00 PM,RFC,1043.404
10/24/2020 3:00:00 PM,10/24/2020 11:00:00 AM,RFC,1263.980
10/24/2020 2:00:00 PM,10/24/2020 10:00:00 AM,RFC,1448.574
10/24/2020 1:00:00 PM,10/24/2020 9:00:00 AM,RFC,1633.374
10/24/2020 12:00:00 PM,10/24/2020 8:00:00 AM,RFC,1989.494
10/24/2020 11:00:00 AM,10/24/2020 7:00:00 AM,RFC,2146.847
10/24/2020 10:00:00 AM,10/24/2020 6:00:00 AM,RFC,2037.512
10/24/2020 9:00:00 AM,10/24/2020 5:00:00 AM,RFC,2150.423
10/24/2020 8:00:00 AM,10/24/2020 4:00:00 AM,RFC,2596.230
10/24/2020 7:00:00 AM,10/24/2020 3:00:00 AM,RFC,3104.408
10/24/2020 6:00:00 AM,10/24/2020 2:00:00 AM,RFC,3297.567
10/24/2020 5:00:00 AM,10/24/2020 1:00:00 AM,RFC,3438.447
10/24/2020 4:00:00 AM,10/24/2020 12:00:00 AM,RFC,3889.351
10/24/2020 3:00:00 AM,10/23/2020 11:00:00 PM,RFC,4499.192
10/24/2020 2:00:00 AM,10/23/2020 10:00:00 PM,RFC,4880.280
10/24/2020 1:00:00 AM,10/23/2020 9:00:00 PM,RFC,5213.928
10/24/2020 12:00:00 AM,10/23/2020 8:00:00 PM,RFC,5391.632
10/23/2020 11:00:00 PM,10/23/2020 7:00:00 PM,RFC,5423.735
10/23/2020 10:00:00 PM,10/23/2020 6:00:00 PM,RFC,5753.930
10/23/2020 9:00:00 PM,10/23/2020 5:00:00 PM,RFC,5761.994
10/23/2020 8:00:00 PM,10/23/2020 4:00:00 PM,RFC,5876.073
10/23/2020 7:00:00 PM,10/23/2020 3:00:00 PM,RFC,6213.167
10/23/2020 6:00:00 PM,10/23/2020 2:00:00 PM,RFC,5768.643
10/23/2020 5:00:00 PM,10/23/2020 1:00:00 PM,RFC,5255.709
10/23/2020 4:00:00 PM,10/23/2020 12:00:00 PM,RFC,4897.598
10/23/2020 3:00:00 PM,10/23/2020 11:00:00 AM,RFC,4630.162
10/23/2020 2:00:00 PM,10/23/2020 10:00:00 AM,RFC,3624.901
10/23/2020 1:00:00 PM,10/23/2020 9:00:00 AM,RFC,4079.374
10/23/2020 12:00:00 PM,10/23/2020 8:00:00 AM,RFC,5207.493
10/23/2020 11:00:00 AM,10/23/2020 7:00:00 AM,RFC,5380.417
10/23/2020 10:00:00 AM,10/23/2020 6:00:00 AM,RFC,5296.934
10/23/2020 9:00:00 AM,10/23/2020 5:00:00 AM,RFC,5355.698
10/23/2020 8:00:00 AM,10/23/2020 4:00:00 AM,RFC,5722.442
10/23/2020 7:00:00 AM,10/23/2020 3:00:00 AM,RFC,6011.920
10/23/2020 6:00:00 AM,10/23/2020 2:00:00 AM,RFC,6474.352
10/23/2020 5:00:00 AM,10/23/2020 1:00:00 AM,RFC,6682.487
10/23/2020 4:00:00 AM,10/23/2020 12:00:00 AM,RFC,6828.925
10/23/2020 3:00:00 AM,10/22/2020 11:00:00 PM,RFC,6855.863
10/23/2020 2:00:00 AM,10/22/2020 10:00:00 PM,RFC,6795.468
10/23/2020 1:00:00 AM,10/22/2020 9:00:00 PM,RFC,6502.257
10/23/2020 12:00:00 AM,10/22/2020 8:00:00 PM,RFC,5931.725
10/22/2020 11:00:00 PM,10/22/2020 7:00:00 PM,RFC,5196.106
10/22/2020 10:00:00 PM,10/22/2020 6:00:00 PM,RFC,4489.996
10/22/2020 9:00:00 PM,10/22/2020 5:00:00 PM,RFC,4547.422
10/22/2020 8:00:00 PM,10/22/2020 4:00:00 PM,RFC,4216.091
10/22/2020 7:00:00 PM,10/22/2020 3:00:00 PM,RFC,4032.384
10/22/2020 6:00:00 PM,10/22/2020 2:00:00 PM,RFC,3988.041
10/22/2020 5:00:00 PM,10/22/2020 1:00:00 PM,RFC,3443.757
10/22/2020 4:00:00 PM,10/22/2020 12:00:00 PM,RFC,2718.248
10/22/2020 3:00:00 PM,10/22/2020 11:00:00 AM,RFC,2313.515
10/22/2020 2:00:00 PM,10/22/2020 10:00:00 AM,RFC,2328.846
10/22/2020 1:00:00 PM,10/22/2020 9:00:00 AM,RFC,2742.126
10/22/2020 12:00:00 PM,10/22/2020 8:00:00 AM,RFC,2731.458
10/22/2020 11:00:00 AM,10/22/2020 7:00:00 AM,RFC,2220.960
10/22/2020 10:00:00 AM,10/22/2020 6:00:00 AM,RFC,1687.866
10/22/2020 9:00:00 AM,10/22/2020 5:00:00 AM,RFC,1481.989
10/22/2020 8:00:00 AM,10/22/2020 4:00:00 AM,RFC,1564.444
10/22/2020 7:00:00 AM,10/22/2020 3:00:00 AM,RFC,1904.336
10/22/2020 6:00:00 AM,10/22/2020 2:00:00 AM,RFC,1693.028
10/22/2020 5:00:00 AM,10/22/2020 1:00:00 AM,RFC,1581.451
10/22/2020 4:00:00 AM,10/22/2020 12:00:00 AM,RFC,1862.587
10/22/2020 3:00:00 AM,10/21/2020 11:00:00 PM,RFC,2131.097
10/22/2020 2:00:00 AM,10/21/2020 10:00:00 PM,RFC,1751.120
10/22/2020 1:00:00 AM,10/21/2020 9:00:00 PM,RFC,1645.651
10/22/2020 12:00:00 AM,10/21/2020 8:00:00 PM,RFC,1384.795
10/21/2020 11:00:00 PM,10/21/2020 7:00:00 PM,RFC,596.922
10/21/2020 10:00:00 PM,10/21/2020 6:00:00 PM,RFC,374.996
10/21/2020 9:00:00 PM,10/21/2020 5:00:00 PM,RFC,401.458
10/21/2020 8:00:00 PM,10/21/2020 4:00:00 PM,RFC,425.596
10/21/2020 7:00:00 PM,10/21/2020 3:00:00 PM,RFC,480.106
10/21/2020 6:00:00 PM,10/21/2020 2:00:00 PM,RFC,601.848
10/21/2020 5:00:00 PM,10/21/2020 1:00:00 PM,RFC,642.259
10/21/2020 4:00:00 PM,10/21/2020 12:00:00 PM,RFC,801.137
10/21/2020 3:00:00 PM,10/21/2020 11:00:00 AM,RFC,1000.499
10/21/2020 2:00:00 PM,10/21/2020 10:00:00 AM,RFC,1499.127
10/21/2020 1:00:00 PM,10/21/2020 9:00:00 AM,RFC,2326.647
10/21/2020 12:00:00 PM,10/21/2020 8:00:00 AM,RFC,2792.410
10/21/2020 11:00:00 AM,10/21/2020 7:00:00 AM,RFC,3085.958
10/21/2020 10:00:00 AM,10/21/2020 6:00:00 AM,RFC,3261.726
10/21/2020 9:00:00 AM,10/21/2020 5:00:00 AM,RFC,3422.336
10/21/2020 8:00:00 AM,10/21/2020 4:00:00 AM,RFC,3679.344
10/21/2020 7:00:00 AM,10/21/2020 3:00:00 AM,RFC,3990.033
10/21/2020 6:00:00 AM,10/21/2020 2:00:00 AM,RFC,4852.149
10/21/2020 5:00:00 AM,10/21/2020 1:00:00 AM,RFC,5319.377
10/21/2020 4:00:00 AM,10/21/2020 12:00:00 AM,RFC,4335.110
10/21/2020 3:00:00 AM,10/20/2020 11:00:00 PM,RFC,3141.167
10/21/2020 2:00:00 AM,10/20/2020 10:00:00 PM,RFC,2375.058
10/21/2020 1:00:00 AM,10/20/2020 9:00:00 PM,RFC,2703.915
10/21/2020 12:00:00 AM,10/20/2020 8:00:00 PM,RFC,2502.640
10/20/2020 11:00:00 PM,10/20/2020 7:00:00 PM,RFC,2600.826
10/20/2020 10:00:00 PM,10/20/2020 6:00:00 PM,RFC,2985.380
10/20/2020 9:00:00 PM,10/20/2020 5:00:00 PM,RFC,3076.385
10/20/2020 8:00:00 PM,10/20/2020 4:00:00 PM,RFC,2988.312
10/20/2020 7:00:00 PM,10/20/2020 3:00:00 PM,RFC,3191.712
10/20/2020 6:00:00 PM,10/20/2020 2:00:00 PM,RFC,2914.881
10/20/2020 5:00:00 PM,10/20/2020 1:00:00 PM,RFC,2632.059
10/20/2020 4:00:00 PM,10/20/2020 12:00:00 PM,RFC,2543.926
10/20/2020 3:00:00 PM,10/20/2020 11:00:00 AM,RFC,1874.248
10/20/2020 2:00:00 PM,10/20/2020 10:00:00 AM,RFC,1261.092
10/20/2020 1:00:00 PM,10/20/2020 9:00:00 AM,RFC,1312.257
10/20/2020 12:00:00 PM,10/20/2020 8:00:00 AM,RFC,1500.118
10/20/2020 11:00:00 AM,10/20/2020 7:00:00 AM,RFC,1649.470
10/20/2020 10:00:00 AM,10/20/2020 6:00:00 AM,RFC,1732.755
10/20/2020 9:00:00 AM,10/20/2020 5:00:00 AM,RFC,1806.953
10/20/2020 8:00:00 AM,10/20/2020 4:00:00 AM,RFC,1562.061
10/20/2020 7:00:00 AM,10/20/2020 3:00:00 AM,RFC,1647.955
10/20/2020 6:00:00 AM,10/20/2020 2:00:00 AM,RFC,1584.128
10/20/2020 5:00:00 AM,10/20/2020 1:00:00 AM,RFC,1582.604
10/20/2020 4:00:00 AM,10/20/2020 12:00:00 AM,RFC,1701.116
10/20/2020 3:00:00 AM,10/19/2020 11:00:00 PM,RFC,1818.277
10/20/2020 2:00:00 AM,10/19/2020 10:00:00 PM,RFC,2045.405
10/20/2020 1:00:00 AM,10/19/2020 9:00:00 PM,RFC,2157.462
10/20/2020 12:00:00 AM,10/19/2020 8:00:00 PM,RFC,2599.284
10/19/2020 11:00:00 PM,10/19/2020 7:00:00 PM,RFC,2430.451
10/19/2020 10:00:00 PM,10/19/2020 6:00:00 PM,RFC,2045.251
10/19/2020 9:00:00 PM,10/19/2020 5:00:00 PM,RFC,1777.779
10/19/2020 8:00:00 PM,10/19/2020 4:00:00 PM,RFC,1863.885
10/19/2020 7:00:00 PM,10/19/2020 3:00:00 PM,RFC,1437.796
10/19/2020 6:00:00 PM,10/19/2020 2:00:00 PM,RFC,1120.102
10/19/2020 5:00:00 PM,10/19/2020 1:00:00 PM,RFC,895.277
10/19/2020 4:00:00 PM,10/19/2020 12:00:00 PM,RFC,1030.202
10/19/2020 3:00:00 PM,10/19/2020 11:00:00 AM,RFC,1046.399
10/19/2020 2:00:00 PM,10/19/2020 10:00:00 AM,RFC,1046.660
10/19/2020 1:00:00 PM,10/19/2020 9:00:00 AM,RFC,1267.026
10/19/2020 12:00:00 PM,10/19/2020 8:00:00 AM,RFC,1304.326
10/19/2020 11:00:00 AM,10/19/2020 7:00:00 AM,RFC,1260.431
10/19/2020 10:00:00 AM,10/19/2020 6:00:00 AM,RFC,1303.181
10/19/2020 9:00:00 AM,10/19/2020 5:00:00 AM,RFC,1655.909
10/19/2020 8:00:00 AM,10/19/2020 4:00:00 AM,RFC,1531.112
10/19/2020 7:00:00 AM,10/19/2020 3:00:00 AM,RFC,1550.761
10/19/2020 6:00:00 AM,10/19/2020 2:00:00 AM,RFC,1525.419
10/19/2020 5:00:00 AM,10/19/2020 1:00:00 AM,RFC,1514.766
10/19/2020 4:00:00 AM,10/19/2020 12:00:00 AM,RFC,1311.383
10/19/2020 3:00:00 AM,10/18/2020 11:00:00 PM,RFC,1466.381
10/19/2020 2:00:00 AM,10/18/2020 10:00:00 PM,RFC,1529.627
10/19/2020 1:00:00 AM,10/18/2020 9:00:00 PM,RFC,1452.867
10/19/2020 12:00:00 AM,10/18/2020 8:00:00 PM,RFC,1599.783
10/18/2020 11:00:00 PM,10/18/2020 7:00:00 PM,RFC,1734.518
10/18/2020 10:00:00 PM,10/18/2020 6:00:00 PM,RFC,1984.354
10/18/2020 9:00:00 PM,10/18/2020 5:00:00 PM,RFC,2813.538
10/18/2020 8:00:00 PM,10/18/2020 4:00:00 PM,RFC,3627.287
10/18/2020 7:00:00 PM,10/18/2020 3:00:00 PM,RFC,4043.212
10/18/2020 6:00:00 PM,10/18/2020 2:00:00 PM,RFC,3880.830
10/18/2020 5:00:00 PM,10/18/2020 1:00:00 PM,RFC,3683.535
10/18/2020 4:00:00 PM,10/18/2020 12:00:00 PM,RFC,3726.534
10/18/2020 3:00:00 PM,10/18/2020 11:00:00 AM,RFC,4582.489
10/18/2020 2:00:00 PM,10/18/2020 10:00:00 AM,RFC,4762.854
10/18/2020 1:00:00 PM,10/18/2020 9:00:00 AM,RFC,4765.314
10/18/2020 12:00:00 PM,10/18/2020 8:00:00 AM,RFC,5124.473
10/18/2020 11:00:00 AM,10/18/2020 7:00:00 AM,RFC,4837.430
10/18/2020 10:00:00 AM,10/18/2020 6:00:00 AM,RFC,4493.990
10/18/2020 9:00:00 AM,10/18/2020 5:00:00 AM,RFC,4931.968
10/18/2020 8:00:00 AM,10/18/2020 4:00:00 AM,RFC,5572.540
10/18/2020 7:00:00 AM,10/18/2020 3:00:00 AM,RFC,6395.195
10/18/2020 6:00:00 AM,10/18/2020 2:00:00 AM,RFC,6717.613
10/18/2020 5:00:00 AM,10/18/2020 1:00:00 AM,RFC,7012.647
10/18/2020 4:00:00 AM,10/18/2020 12:00:00 AM,RFC,7154.570
10/18/2020 3:00:00 AM,10/17/2020 11:00:00 PM,RFC,7151.188
10/18/2020 2:00:00 AM,10/17/2020 10:00:00 PM,RFC,7069.060
10/18/2020 1:00:00 AM,10/17/2020 9:00:00 PM,RFC,6829.929
10/18/2020 12:00:00 AM,10/17/2020 8:00:00 PM,RFC,6588.708
10/17/2020 11:00:00 PM,10/17/2020 7:00:00 PM,RFC,6375.165
10/17/2020 10:00:00 PM,10/17/2020 6:00:00 PM,RFC,6257.088
10/17/2020 9:00:00 PM,10/17/2020 5:00:00 PM,RFC,6100.426
10/17/2020 8:00:00 PM,10/17/2020 4:00:00 PM,RFC,6254.527
10/17/2020 7:00:00 PM,10/17/2020 3:00:00 PM,RFC,6281.128
10/17/2020 6:00:00 PM,10/17/2020 2:00:00 PM,RFC,6019.891
10/17/2020 5:00:00 PM,10/17/2020 1:00:00 PM,RFC,6138.860
10/17/2020 4:00:00 PM,10/17/2020 12:00:00 PM,RFC,6087.813
10/17/2020 3:00:00 PM,10/17/2020 11:00:00 AM,RFC,5738.115
10/17/2020 2:00:00 PM,10/17/2020 10:00:00 AM,RFC,4904.688
10/17/2020 1:00:00 PM,10/17/2020 9:00:00 AM,RFC,4743.376
10/17/2020 12:00:00 PM,10/17/2020 8:00:00 AM,RFC,4845.466
10/17/2020 11:00:00 AM,10/17/2020 7:00:00 AM,RFC,4327.154
10/17/2020 10:00:00 AM,10/17/2020 6:00:00 AM,RFC,3912.164
10/17/2020 9:00:00 AM,10/17/2020 5:00:00 AM,RFC,3231.343
10/17/2020 8:00:00 AM,10/17/2020 4:00:00 AM,RFC,2399.447
10/17/2020 7:00:00 AM,10/17/2020 3:00:00 AM,RFC,1672.122
10/17/2020 6:00:00 AM,10/17/2020 2:00:00 AM,RFC,1355.772
10/17/2020 5:00:00 AM,10/17/2020 1:00:00 AM,RFC,1509.452
10/17/2020 4:00:00 AM,10/17/2020 12:00:00 AM,RFC,1616.342
10/17/2020 3:00:00 AM,10/16/2020 11:00:00 PM,RFC,1818.055
10/17/2020 2:00:00 AM,10/16/2020 10:00:00 PM,RFC,2795.161
10/17/2020 1:00:00 AM,10/16/2020 9:00:00 PM,RFC,3031.593
10/17/2020 12:00:00 AM,10/16/2020 8:00:00 PM,RFC,3098.733
10/16/2020 11:00:00 PM,10/16/2020 7:00:00 PM,RFC,3630.712
10/16/2020 10:00:00 PM,10/16/2020 6:00:00 PM,RFC,4356.283
10/16/2020 9:00:00 PM,10/16/2020 5:00:00 PM,RFC,5014.754
10/16/2020 8:00:00 PM,10/16/2020 4:00:00 PM,RFC,4939.894
10/16/2020 7:00:00 PM,10/16/2020 3:00:00 PM,RFC,4881.083
10/16/2020 6:00:00 PM,10/16/2020 2:00:00 PM,RFC,4124.515
10/16/2020 5:00:00 PM,10/16/2020 1:00:00 PM,RFC,3239.255
10/16/2020 4:00:00 PM,10/16/2020 12:00:00 PM,RFC,3118.079
10/16/2020 3:00:00 PM,10/16/2020 11:00:00 AM,RFC,2542.836
10/16/2020 2:00:00 PM,10/16/2020 10:00:00 AM,RFC,1690.567
10/16/2020 1:00:00 PM,10/16/2020 9:00:00 AM,RFC,2193.267
10/16/2020 12:00:00 PM,10/16/2020 8:00:00 AM,RFC,2373.752
10/16/2020 11:00:00 AM,10/16/2020 7:00:00 AM,RFC,2411.574
10/16/2020 10:00:00 AM,10/16/2020 6:00:00 AM,RFC,2178.747
10/16/2020 9:00:00 AM,10/16/2020 5:00:00 AM,RFC,2164.727
10/16/2020 8:00:00 AM,10/16/2020 4:00:00 AM,RFC,2039.695
10/16/2020 7:00:00 AM,10/16/2020 3:00:00 AM,RFC,2050.695
10/16/2020 6:00:00 AM,10/16/2020 2:00:00 AM,RFC,2220.764
10/16/2020 5:00:00 AM,10/16/2020 1:00:00 AM,RFC,2593.855
10/16/2020 4:00:00 AM,10/16/2020 12:00:00 AM,RFC,3047.216
10/16/2020 3:00:00 AM,10/15/2020 11:00:00 PM,RFC,3653.372
10/16/2020 2:00:00 AM,10/15/2020 10:00:00 PM,RFC,4654.015
10/16/2020 1:00:00 AM,10/15/2020 9:00:00 PM,RFC,4656.408
10/16/2020 12:00:00 AM,10/15/2020 8:00:00 PM,RFC,4169.135
10/15/2020 11:00:00 PM,10/15/2020 7:00:00 PM,RFC,3678.075
10/15/2020 10:00:00 PM,10/15/2020 6:00:00 PM,RFC,4069.117
10/15/2020 9:00:00 PM,10/15/2020 5:00:00 PM,RFC,4552.837
10/15/2020 8:00:00 PM,10/15/2020 4:00:00 PM,RFC,4879.522
10/15/2020 7:00:00 PM,10/15/2020 3:00:00 PM,RFC,4597.916
10/15/2020 6:00:00 PM,10/15/2020 2:00:00 PM,RFC,4367.750
10/15/2020 5:00:00 PM,10/15/2020 1:00:00 PM,RFC,4218.144
10/15/2020 4:00:00 PM,10/15/2020 12:00:00 PM,RFC,4538.278
10/15/2020 3:00:00 PM,10/15/2020 11:00:00 AM,RFC,4877.913
10/15/2020 2:00:00 PM,10/15/2020 10:00:00 AM,RFC,5439.236
10/15/2020 1:00:00 PM,10/15/2020 9:00:00 AM,RFC,5616.573
10/15/2020 12:00:00 PM,10/15/2020 8:00:00 AM,RFC,6070.902
10/15/2020 11:00:00 AM,10/15/2020 7:00:00 AM,RFC,5960.006
10/15/2020 10:00:00 AM,10/15/2020 6:00:00 AM,RFC,6081.946
10/15/2020 9:00:00 AM,10/15/2020 5:00:00 AM,RFC,6536.173
10/15/2020 8:00:00 AM,10/15/2020 4:00:00 AM,RFC,6489.730
10/15/2020 7:00:00 AM,10/15/2020 3:00:00 AM,RFC,6166.060
10/15/2020 6:00:00 AM,10/15/2020 2:00:00 AM,RFC,5369.713
10/15/2020 5:00:00 AM,10/15/2020 1:00:00 AM,RFC,5012.419
10/15/2020 4:00:00 AM,10/15/2020 12:00:00 AM,RFC,5991.945
10/15/2020 3:00:00 AM,10/14/2020 11:00:00 PM,RFC,6236.778
10/15/2020 2:00:00 AM,10/14/2020 10:00:00 PM,RFC,6664.147
10/15/2020 1:00:00 AM,10/14/2020 9:00:00 PM,RFC,6261.096
10/15/2020 12:00:00 AM,10/14/2020 8:00:00 PM,RFC,5928.017
10/14/2020 11:00:00 PM,10/14/2020 7:00:00 PM,RFC,5944.390
10/14/2020 10:00:00 PM,10/14/2020 6:00:00 PM,RFC,6303.372
10/14/2020 9:00:00 PM,10/14/2020 5:00:00 PM,RFC,6334.630
10/14/2020 8:00:00 PM,10/14/2020 4:00:00 PM,RFC,6467.541
10/14/2020 7:00:00 PM,10/14/2020 3:00:00 PM,RFC,6410.069
10/14/2020 6:00:00 PM,10/14/2020 2:00:00 PM,RFC,6199.784
10/14/2020 5:00:00 PM,10/14/2020 1:00:00 PM,RFC,5892.427
10/14/2020 4:00:00 PM,10/14/2020 12:00:00 PM,RFC,5328.737
10/14/2020 3:00:00 PM,10/14/2020 11:00:00 AM,RFC,4529.591
10/14/2020 2:00:00 PM,10/14/2020 10:00:00 AM,RFC,4196.510
10/14/2020 1:00:00 PM,10/14/2020 9:00:00 AM,RFC,4196.224
10/14/2020 12:00:00 PM,10/14/2020 8:00:00 AM,RFC,3705.229
10/14/2020 11:00:00 AM,10/14/2020 7:00:00 AM,RFC,3203.072
10/14/2020 10:00:00 AM,10/14/2020 6:00:00 AM,RFC,2550.783
10/14/2020 9:00:00 AM,10/14/2020 5:00:00 AM,RFC,1733.263
10/14/2020 8:00:00 AM,10/14/2020 4:00:00 AM,RFC,1566.793
10/14/2020 7:00:00 AM,10/14/2020 3:00:00 AM,RFC,1636.835
10/14/2020 6:00:00 AM,10/14/2020 2:00:00 AM,RFC,2154.660
10/14/2020 5:00:00 AM,10/14/2020 1:00:00 AM,RFC,2973.194
10/14/2020 4:00:00 AM,10/14/2020 12:00:00 AM,RFC,3758.952
10/14/2020 3:00:00 AM,10/13/2020 11:00:00 PM,RFC,4544.220
10/14/2020 2:00:00 AM,10/13/2020 10:00:00 PM,RFC,4696.796
10/14/2020 1:00:00 AM,10/13/2020 9:00:00 PM,RFC,4977.150
10/14/2020 12:00:00 AM,10/13/2020 8:00:00 PM,RFC,5239.027
10/13/2020 11:00:00 PM,10/13/2020 7:00:00 PM,RFC,5004.133
10/13/2020 10:00:00 PM,10/13/2020 6:00:00 PM,RFC,5237.442
10/13/2020 9:00:00 PM,10/13/2020 5:00:00 PM,RFC,6220.628
10/13/2020 8:00:00 PM,10/13/2020 4:00:00 PM,RFC,6570.044
10/13/2020 7:00:00 PM,10/13/2020 3:00:00 PM,RFC,6481.710
10/13/2020 6:00:00 PM,10/13/2020 2:00:00 PM,RFC,5991.450
10/13/2020 5:00:00 PM,10/13/2020 1:00:00 PM,RFC,5780.990
10/13/2020 4:00:00 PM,10/13/2020 12:00:00 PM,RFC,5132.943
10/13/2020 3:00:00 PM,10/13/2020 11:00:00 AM,RFC,3621.615
10/13/2020 2:00:00 PM,10/13/2020 10:00:00 AM,RFC,2972.266
10/13/2020 1:00:00 PM,10/13/2020 9:00:00 AM,RFC,3532.211
10/13/2020 12:00:00 PM,10/13/2020 8:00:00 AM,RFC,2920.620
10/13/2020 11:00:00 AM,10/13/2020 7:00:00 AM,RFC,2137.480
10/13/2020 10:00:00 AM,10/13/2020 6:00:00 AM,RFC,1717.884
10/13/2020 9:00:00 AM,10/13/2020 5:00:00 AM,RFC,1398.845
10/13/2020 8:00:00 AM,10/13/2020 4:00:00 AM,RFC,1299.334
10/13/2020 7:00:00 AM,10/13/2020 3:00:00 AM,RFC,1583.377
10/13/2020 6:00:00 AM,10/13/2020 2:00:00 AM,RFC,2071.267
10/13/2020 5:00:00 AM,10/13/2020 1:00:00 AM,RFC,2502.373
10/13/2020 4:00:00 AM,10/13/2020 12:00:00 AM,RFC,2592.059
10/13/2020 3:00:00 AM,10/12/2020 11:00:00 PM,RFC,3324.189
10/13/2020 2:00:00 AM,10/12/2020 10:00:00 PM,RFC,4044.256
10/13/2020 1:00:00 AM,10/12/2020 9:00:00 PM,RFC,4572.033
10/13/2020 12:00:00 AM,10/12/2020 8:00:00 PM,RFC,4747.632
10/12/2020 11:00:00 PM,10/12/2020 7:00:00 PM,RFC,4845.084
10/12/2020 10:00:00 PM,10/12/2020 6:00:00 PM,RFC,5714.594
10/12/2020 9:00:00 PM,10/12/2020 5:00:00 PM,RFC,6766.852
10/12/2020 8:00:00 PM,10/12/2020 4:00:00 PM,RFC,6697.737
10/12/2020 7:00:00 PM,10/12/2020 3:00:00 PM,RFC,6637.975
10/12/2020 6:00:00 PM,10/12/2020 2:00:00 PM,RFC,6483.073
10/12/2020 5:00:00 PM,10/12/2020 1:00:00 PM,RFC,6241.380
10/12/2020 4:00:00 PM,10/12/2020 12:00:00 PM,RFC,5684.803
10/12/2020 3:00:00 PM,10/12/2020 11:00:00 AM,RFC,5579.044
10/12/2020 2:00:00 PM,10/12/2020 10:00:00 AM,RFC,5327.696
10/12/2020 1:00:00 PM,10/12/2020 9:00:00 AM,RFC,5365.446
10/12/2020 12:00:00 PM,10/12/2020 8:00:00 AM,RFC,5149.903
10/12/2020 11:00:00 AM,10/12/2020 7:00:00 AM,RFC,4870.428
10/12/2020 10:00:00 AM,10/12/2020 6:00:00 AM,RFC,4689.727
10/12/2020 9:00:00 AM,10/12/2020 5:00:00 AM,RFC,4750.234
10/12/2020 8:00:00 AM,10/12/2020 4:00:00 AM,RFC,4960.060
10/12/2020 7:00:00 AM,10/12/2020 3:00:00 AM,RFC,5169.231
10/12/2020 6:00:00 AM,10/12/2020 2:00:00 AM,RFC,5467.796
10/12/2020 5:00:00 AM,10/12/2020 1:00:00 AM,RFC,5394.444
10/12/2020 4:00:00 AM,10/12/2020 12:00:00 AM,RFC,5314.226
10/12/2020 3:00:00 AM,10/11/2020 11:00:00 PM,RFC,5468.180
10/12/2020 2:00:00 AM,10/11/2020 10:00:00 PM,RFC,4996.837
10/12/2020 1:00:00 AM,10/11/2020 9:00:00 PM,RFC,4742.114
10/12/2020 12:00:00 AM,10/11/2020 8:00:00 PM,RFC,4141.996
10/11/2020 11:00:00 PM,10/11/2020 7:00:00 PM,RFC,3056.086
10/11/2020 10:00:00 PM,10/11/2020 6:00:00 PM,RFC,2658.031
10/11/2020 9:00:00 PM,10/11/2020 5:00:00 PM,RFC,2302.054
10/11/2020 8:00:00 PM,10/11/2020 4:00:00 PM,RFC,1752.198
10/11/2020 7:00:00 PM,10/11/2020 3:00:00 PM,RFC,1409.287
10/11/2020 6:00:00 PM,10/11/2020 2:00:00 PM,RFC,1208.110
10/11/2020 5:00:00 PM,10/11/2020 1:00:00 PM,RFC,1003.761
10/11/2020 4:00:00 PM,10/11/2020 12:00:00 PM,RFC,905.728
10/11/2020 3:00:00 PM,10/11/2020 11:00:00 AM,RFC,866.063
10/11/2020 2:00:00 PM,10/11/2020 10:00:00 AM,RFC,997.647
10/11/2020 1:00:00 PM,10/11/2020 9:00:00 AM,RFC,1393.323
10/11/2020 12:00:00 PM,10/11/2020 8:00:00 AM,RFC,1722.141
10/11/2020 11:00:00 AM,10/11/2020 7:00:00 AM,RFC,1825.008
10/11/2020 10:00:00 AM,10/11/2020 6:00:00 AM,RFC,1836.107
10/11/2020 9:00:00 AM,10/11/2020 5:00:00 AM,RFC,1944.739
10/11/2020 8:00:00 AM,10/11/2020 4:00:00 AM,RFC,1858.143
10/11/2020 7:00:00 AM,10/11/2020 3:00:00 AM,RFC,1890.384
10/11/2020 6:00:00 AM,10/11/2020 2:00:00 AM,RFC,2384.239
10/11/2020 5:00:00 AM,10/11/2020 1:00:00 AM,RFC,2506.324
10/11/2020 4:00:00 AM,10/11/2020 12:00:00 AM,RFC,2194.124
10/11/2020 3:00:00 AM,10/10/2020 11:00:00 PM,RFC,2238.744
10/11/2020 2:00:00 AM,10/10/2020 10:00:00 PM,RFC,2393.771
10/11/2020 1:00:00 AM,10/10/2020 9:00:00 PM,RFC,2832.558
10/11/2020 12:00:00 AM,10/10/2020 8:00:00 PM,RFC,2747.316
10/10/2020 11:00:00 PM,10/10/2020 7:00:00 PM,RFC,2166.978
10/10/2020 10:00:00 PM,10/10/2020 6:00:00 PM,RFC,1248.782
10/10/2020 9:00:00 PM,10/10/2020 5:00:00 PM,RFC,963.343
10/10/2020 8:00:00 PM,10/10/2020 4:00:00 PM,RFC,1059.630
10/10/2020 7:00:00 PM,10/10/2020 3:00:00 PM,RFC,1339.682
10/10/2020 6:00:00 PM,10/10/2020 2:00:00 PM,RFC,1698.940
10/10/2020 5:00:00 PM,10/10/2020 1:00:00 PM,RFC,2155.381
10/10/2020 4:00:00 PM,10/10/2020 12:00:00 PM,RFC,2614.451
10/10/2020 3:00:00 PM,10/10/2020 11:00:00 AM,RFC,2864.198
10/10/2020 2:00:00 PM,10/10/2020 10:00:00 AM,RFC,3359.760
10/10/2020 1:00:00 PM,10/10/2020 9:00:00 AM,RFC,4369.489
10/10/2020 12:00:00 PM,10/10/2020 8:00:00 AM,RFC,5258.627
10/10/2020 11:00:00 AM,10/10/2020 7:00:00 AM,RFC,5387.010
10/10/2020 10:00:00 AM,10/10/2020 6:00:00 AM,RFC,5504.785
10/10/2020 9:00:00 AM,10/10/2020 5:00:00 AM,RFC,5700.915
10/10/2020 8:00:00 AM,10/10/2020 4:00:00 AM,RFC,5601.797
10/10/2020 7:00:00 AM,10/10/2020 3:00:00 AM,RFC,5591.444
10/10/2020 6:00:00 AM,10/10/2020 2:00:00 AM,RFC,6059.768
10/10/2020 5:00:00 AM,10/10/2020 1:00:00 AM,RFC,6518.307
10/10/2020 4:00:00 AM,10/10/2020 12:00:00 AM,RFC,6755.277
10/10/2020 3:00:00 AM,10/9/2020 11:00:00 PM,RFC,6927.782
10/10/2020 2:00:00 AM,10/9/2020 10:00:00 PM,RFC,6654.316
10/10/2020 1:00:00 AM,10/9/2020 9:00:00 PM,RFC,6262.901
10/10/2020 12:00:00 AM,10/9/2020 8:00:00 PM,RFC,5516.291
10/9/2020 11:00:00 PM,10/9/2020 7:00:00 PM,RFC,4674.898
10/9/2020 10:00:00 PM,10/9/2020 6:00:00 PM,RFC,4568.991
10/9/2020 9:00:00 PM,10/9/2020 5:00:00 PM,RFC,5385.561
10/9/2020 8:00:00 PM,10/9/2020 4:00:00 PM,RFC,5567.114
10/9/2020 7:00:00 PM,10/9/2020 3:00:00 PM,RFC,5726.091
10/9/2020 6:00:00 PM,10/9/2020 2:00:00 PM,RFC,5662.028
10/9/2020 5:00:00 PM,10/9/2020 1:00:00 PM,RFC,5514.196
10/9/2020 4:00:00 PM,10/9/2020 12:00:00 PM,RFC,4738.773
10/9/2020 3:00:00 PM,10/9/2020 11:00:00 AM,RFC,3035.794
10/9/2020 2:00:00 PM,10/9/2020 10:00:00 AM,RFC,2223.699
10/9/2020 1:00:00 PM,10/9/2020 9:00:00 AM,RFC,3435.186
10/9/2020 12:00:00 PM,10/9/2020 8:00:00 AM,RFC,3808.476
10/9/2020 11:00:00 AM,10/9/2020 7:00:00 AM,RFC,3644.762
10/9/2020 10:00:00 AM,10/9/2020 6:00:00 AM,RFC,3196.390
10/9/2020 9:00:00 AM,10/9/2020 5:00:00 AM,RFC,2899.143
10/9/2020 8:00:00 AM,10/9/2020 4:00:00 AM,RFC,3044.332
10/9/2020 7:00:00 AM,10/9/2020 3:00:00 AM,RFC,3634.115
10/9/2020 6:00:00 AM,10/9/2020 2:00:00 AM,RFC,3455.942
10/9/2020 5:00:00 AM,10/9/2020 1:00:00 AM,RFC,3036.169
10/9/2020 4:00:00 AM,10/9/2020 12:00:00 AM,RFC,3260.245
10/9/2020 3:00:00 AM,10/8/2020 11:00:00 PM,RFC,2775.289
10/9/2020 2:00:00 AM,10/8/2020 10:00:00 PM,RFC,2591.159
10/9/2020 1:00:00 AM,10/8/2020 9:00:00 PM,RFC,2218.044
10/9/2020 12:00:00 AM,10/8/2020 8:00:00 PM,RFC,1574.250
10/8/2020 11:00:00 PM,10/8/2020 7:00:00 PM,RFC,823.328
10/8/2020 10:00:00 PM,10/8/2020 6:00:00 PM,RFC,486.871
10/8/2020 9:00:00 PM,10/8/2020 5:00:00 PM,RFC,719.503
10/8/2020 8:00:00 PM,10/8/2020 4:00:00 PM,RFC,925.239
10/8/2020 7:00:00 PM,10/8/2020 3:00:00 PM,RFC,1068.779
10/8/2020 6:00:00 PM,10/8/2020 2:00:00 PM,RFC,1105.867
10/8/2020 5:00:00 PM,10/8/2020 1:00:00 PM,RFC,1128.349
10/8/2020 4:00:00 PM,10/8/2020 12:00:00 PM,RFC,1177.005
10/8/2020 3:00:00 PM,10/8/2020 11:00:00 AM,RFC,1078.768
10/8/2020 2:00:00 PM,10/8/2020 10:00:00 AM,RFC,910.973
10/8/2020 1:00:00 PM,10/8/2020 9:00:00 AM,RFC,896.160
10/8/2020 12:00:00 PM,10/8/2020 8:00:00 AM,RFC,870.236
10/8/2020 11:00:00 AM,10/8/2020 7:00:00 AM,RFC,818.764
10/8/2020 10:00:00 AM,10/8/2020 6:00:00 AM,RFC,838.014
10/8/2020 9:00:00 AM,10/8/2020 5:00:00 AM,RFC,837.342
10/8/2020 8:00:00 AM,10/8/2020 4:00:00 AM,RFC,819.958
10/8/2020 7:00:00 AM,10/8/2020 3:00:00 AM,RFC,968.026
10/8/2020 6:00:00 AM,10/8/2020 2:00:00 AM,RFC,1084.623
10/8/2020 5:00:00 AM,10/8/2020 1:00:00 AM,RFC,1365.850
10/8/2020 4:00:00 AM,10/8/2020 12:00:00 AM,RFC,1770.476
10/8/2020 3:00:00 AM,10/7/2020 11:00:00 PM,RFC,2146.426
10/8/2020 2:00:00 AM,10/7/2020 10:00:00 PM,RFC,2217.168
10/8/2020 1:00:00 AM,10/7/2020 9:00:00 PM,RFC,2478.503
10/8/2020 12:00:00 AM,10/7/2020 8:00:00 PM,RFC,2715.574
10/7/2020 11:00:00 PM,10/7/2020 7:00:00 PM,RFC,2981.220
10/7/2020 10:00:00 PM,10/7/2020 6:00:00 PM,RFC,3528.962
10/7/2020 9:00:00 PM,10/7/2020 5:00:00 PM,RFC,4808.937
10/7/2020 8:00:00 PM,10/7/2020 4:00:00 PM,RFC,5409.554
10/7/2020 7:00:00 PM,10/7/2020 3:00:00 PM,RFC,5505.285
10/7/2020 6:00:00 PM,10/7/2020 2:00:00 PM,RFC,4893.159
10/7/2020 5:00:00 PM,10/7/2020 1:00:00 PM,RFC,4488.613
10/7/2020 4:00:00 PM,10/7/2020 12:00:00 PM,RFC,3662.939
10/7/2020 3:00:00 PM,10/7/2020 11:00:00 AM,RFC,4128.482
10/7/2020 2:00:00 PM,10/7/2020 10:00:00 AM,RFC,4474.350
10/7/2020 1:00:00 PM,10/7/2020 9:00:00 AM,RFC,4730.484
10/7/2020 12:00:00 PM,10/7/2020 8:00:00 AM,RFC,5799.653
10/7/2020 11:00:00 AM,10/7/2020 7:00:00 AM,RFC,6530.134
10/7/2020 10:00:00 AM,10/7/2020 6:00:00 AM,RFC,6796.064
10/7/2020 9:00:00 AM,10/7/2020 5:00:00 AM,RFC,7037.577
10/7/2020 8:00:00 AM,10/7/2020 4:00:00 AM,RFC,7184.862
10/7/2020 7:00:00 AM,10/7/2020 3:00:00 AM,RFC,7311.734
10/7/2020 6:00:00 AM,10/7/2020 2:00:00 AM,RFC,7486.371
10/7/2020 5:00:00 AM,10/7/2020 1:00:00 AM,RFC,7368.452
10/7/2020 4:00:00 AM,10/7/2020 12:00:00 AM,RFC,7053.272
10/7/2020 3:00:00 AM,10/6/2020 11:00:00 PM,RFC,6712.717
10/7/2020 2:00:00 AM,10/6/2020 10:00:00 PM,RFC,6365.658
10/7/2020 1:00:00 AM,10/6/2020 9:00:00 PM,RFC,5118.951
10/7/2020 12:00:00 AM,10/6/2020 8:00:00 PM,RFC,3669.043
10/6/2020 11:00:00 PM,10/6/2020 7:00:00 PM,RFC,2703.190
10/6/2020 10:00:00 PM,10/6/2020 6:00:00 PM,RFC,3114.871
10/6/2020 9:00:00 PM,10/6/2020 5:00:00 PM,RFC,3931.699
10/6/2020 8:00:00 PM,10/6/2020 4:00:00 PM,RFC,4235.067
10/6/2020 7:00:00 PM,10/6/2020 3:00:00 PM,RFC,4091.585
10/6/2020 6:00:00 PM,10/6/2020 2:00:00 PM,RFC,3641.982
10/6/2020 5:00:00 PM,10/6/2020 1:00:00 PM,RFC,3020.548
10/6/2020 4:00:00 PM,10/6/2020 12:00:00 PM,RFC,2666.457
10/6/2020 3:00:00 PM,10/6/2020 11:00:00 AM,RFC,3032.936
10/6/2020 2:00:00 PM,10/6/2020 10:00:00 AM,RFC,3316.702
10/6/2020 1:00:00 PM,10/6/2020 9:00:00 AM,RFC,3831.109
10/6/2020 12:00:00 PM,10/6/2020 8:00:00 AM,RFC,4942.121
10/6/2020 11:00:00 AM,10/6/2020 7:00:00 AM,RFC,5343.914
10/6/2020 10:00:00 AM,10/6/2020 6:00:00 AM,RFC,5459.046
10/6/2020 9:00:00 AM,10/6/2020 5:00:00 AM,RFC,5551.481
10/6/2020 8:00:00 AM,10/6/2020 4:00:00 AM,RFC,5810.344
10/6/2020 7:00:00 AM,10/6/2020 3:00:00 AM,RFC,5745.311
10/6/2020 6:00:00 AM,10/6/2020 2:00:00 AM,RFC,5651.381
10/6/2020 5:00:00 AM,10/6/2020 1:00:00 AM,RFC,5673.859
10/6/2020 4:00:00 AM,10/6/2020 12:00:00 AM,RFC,5615.111
10/6/2020 3:00:00 AM,10/5/2020 11:00:00 PM,RFC,5723.359
10/6/2020 2:00:00 AM,10/5/2020 10:00:00 PM,RFC,5560.703
10/6/2020 1:00:00 AM,10/5/2020 9:00:00 PM,RFC,5212.573
10/6/2020 12:00:00 AM,10/5/2020 8:00:00 PM,RFC,4418.671
10/5/2020 11:00:00 PM,10/5/2020 7:00:00 PM,RFC,3353.858
10/5/2020 10:00:00 PM,10/5/2020 6:00:00 PM,RFC,3462.318
10/5/2020 9:00:00 PM,10/5/2020 5:00:00 PM,RFC,3669.946
10/5/2020 8:00:00 PM,10/5/2020 4:00:00 PM,RFC,3246.167
10/5/2020 7:00:00 PM,10/5/2020 3:00:00 PM,RFC,2737.926
10/5/2020 6:00:00 PM,10/5/2020 2:00:00 PM,RFC,2219.591
10/5/2020 5:00:00 PM,10/5/2020 1:00:00 PM,RFC,1805.641
10/5/2020 4:00:00 PM,10/5/2020 12:00:00 PM,RFC,1663.660
10/5/2020 3:00:00 PM,10/5/2020 11:00:00 AM,RFC,1392.428
10/5/2020 2:00:00 PM,10/5/2020 10:00:00 AM,RFC,936.844
10/5/2020 1:00:00 PM,10/5/2020 9:00:00 AM,RFC,1188.477
10/5/2020 12:00:00 PM,10/5/2020 8:00:00 AM,RFC,1117.683
10/5/2020 11:00:00 AM,10/5/2020 7:00:00 AM,RFC,1063.476
10/5/2020 10:00:00 AM,10/5/2020 6:00:00 AM,RFC,976.451
10/5/2020 9:00:00 AM,10/5/2020 5:00:00 AM,RFC,852.238
10/5/2020 8:00:00 AM,10/5/2020 4:00:00 AM,RFC,826.870
10/5/2020 7:00:00 AM,10/5/2020 3:00:00 AM,RFC,743.549
10/5/2020 6:00:00 AM,10/5/2020 2:00:00 AM,RFC,679.684
10/5/2020 5:00:00 AM,10/5/2020 1:00:00 AM,RFC,742.368
10/5/2020 4:00:00 AM,10/5/2020 12:00:00 AM,RFC,891.956
10/5/2020 3:00:00 AM,10/4/2020 11:00:00 PM,RFC,1190.171
10/5/2020 2:00:00 AM,10/4/2020 10:00:00 PM,RFC,1336.819
10/5/2020 1:00:00 AM,10/4/2020 9:00:00 PM,RFC,1134.120
10/5/2020 12:00:00 AM,10/4/2020 8:00:00 PM,RFC,1117.444
10/4/2020 11:00:00 PM,10/4/2020 7:00:00 PM,RFC,1278.797
10/4/2020 10:00:00 PM,10/4/2020 6:00:00 PM,RFC,1628.008
10/4/2020 9:00:00 PM,10/4/2020 5:00:00 PM,RFC,1831.677
10/4/2020 8:00:00 PM,10/4/2020 4:00:00 PM,RFC,1905.981
10/4/2020 7:00:00 PM,10/4/2020 3:00:00 PM,RFC,2085.546
10/4/2020 6:00:00 PM,10/4/2020 2:00:00 PM,RFC,2155.136
10/4/2020 5:00:00 PM,10/4/2020 1:00:00 PM,RFC,2313.382
10/4/2020 4:00:00 PM,10/4/2020 12:00:00 PM,RFC,2663.342
10/4/2020 3:00:00 PM,10/4/2020 11:00:00 AM,RFC,2702.162
10/4/2020 2:00:00 PM,10/4/2020 10:00:00 AM,RFC,2245.417
10/4/2020 1:00:00 PM,10/4/2020 9:00:00 AM,RFC,2140.160
10/4/2020 12:00:00 PM,10/4/2020 8:00:00 AM,RFC,2153.022
10/4/2020 11:00:00 AM,10/4/2020 7:00:00 AM,RFC,1658.231
10/4/2020 10:00:00 AM,10/4/2020 6:00:00 AM,RFC,1494.963
10/4/2020 9:00:00 AM,10/4/2020 5:00:00 AM,RFC,1350.248
10/4/2020 8:00:00 AM,10/4/2020 4:00:00 AM,RFC,1203.727
10/4/2020 7:00:00 AM,10/4/2020 3:00:00 AM,RFC,865.008
10/4/2020 6:00:00 AM,10/4/2020 2:00:00 AM,RFC,804.827
10/4/2020 5:00:00 AM,10/4/2020 1:00:00 AM,RFC,715.308
10/4/2020 4:00:00 AM,10/4/2020 12:00:00 AM,RFC,574.943
10/4/2020 3:00:00 AM,10/3/2020 11:00:00 PM,RFC,410.613
10/4/2020 2:00:00 AM,10/3/2020 10:00:00 PM,RFC,320.151
10/4/2020 1:00:00 AM,10/3/2020 9:00:00 PM,RFC,279.072
10/4/2020 12:00:00 AM,10/3/2020 8:00:00 PM,RFC,256.621
10/3/2020 11:00:00 PM,10/3/2020 7:00:00 PM,RFC,107.158
10/3/2020 10:00:00 PM,10/3/2020 6:00:00 PM,RFC,85.583
10/3/2020 9:00:00 PM,10/3/2020 5:00:00 PM,RFC,111.134
10/3/2020 8:00:00 PM,10/3/2020 4:00:00 PM,RFC,177.388
10/3/2020 7:00:00 PM,10/3/2020 3:00:00 PM,RFC,291.547
10/3/2020 6:00:00 PM,10/3/2020 2:00:00 PM,RFC,355.785
10/3/2020 5:00:00 PM,10/3/2020 1:00:00 PM,RFC,271.385
10/3/2020 4:00:00 PM,10/3/2020 12:00:00 PM,RFC,142.469
10/3/2020 3:00:00 PM,10/3/2020 11:00:00 AM,RFC,143.221
10/3/2020 2:00:00 PM,10/3/2020 10:00:00 AM,RFC,228.004
10/3/2020 1:00:00 PM,10/3/2020 9:00:00 AM,RFC,574.206
10/3/2020 12:00:00 PM,10/3/2020 8:00:00 AM,RFC,969.888
10/3/2020 11:00:00 AM,10/3/2020 7:00:00 AM,RFC,1200.848
10/3/2020 10:00:00 AM,10/3/2020 6:00:00 AM,RFC,1331.533
10/3/2020 9:00:00 AM,10/3/2020 5:00:00 AM,RFC,1423.388
10/3/2020 8:00:00 AM,10/3/2020 4:00:00 AM,RFC,1535.784
10/3/2020 7:00:00 AM,10/3/2020 3:00:00 AM,RFC,1784.419
10/3/2020 6:00:00 AM,10/3/2020 2:00:00 AM,RFC,1857.079
10/3/2020 5:00:00 AM,10/3/2020 1:00:00 AM,RFC,1684.319
10/3/2020 4:00:00 AM,10/3/2020 12:00:00 AM,RFC,1628.917
10/3/2020 3:00:00 AM,10/2/2020 11:00:00 PM,RFC,1750.075
10/3/2020 2:00:00 AM,10/2/2020 10:00:00 PM,RFC,1705.586
10/3/2020 1:00:00 AM,10/2/2020 9:00:00 PM,RFC,1435.216
10/3/2020 12:00:00 AM,10/2/2020 8:00:00 PM,RFC,1051.628
10/2/2020 11:00:00 PM,10/2/2020 7:00:00 PM,RFC,458.101
10/2/2020 10:00:00 PM,10/2/2020 6:00:00 PM,RFC,455.177
10/2/2020 9:00:00 PM,10/2/2020 5:00:00 PM,RFC,589.058
10/2/2020 8:00:00 PM,10/2/2020 4:00:00 PM,RFC,646.673
10/2/2020 7:00:00 PM,10/2/2020 3:00:00 PM,RFC,741.861
10/2/2020 6:00:00 PM,10/2/2020 2:00:00 PM,RFC,841.798
10/2/2020 5:00:00 PM,10/2/2020 1:00:00 PM,RFC,863.832
10/2/2020 4:00:00 PM,10/2/2020 12:00:00 PM,RFC,855.372
10/2/2020 3:00:00 PM,10/2/2020 11:00:00 AM,RFC,788.481
10/2/2020 2:00:00 PM,10/2/2020 10:00:00 AM,RFC,837.247
10/2/2020 1:00:00 PM,10/2/2020 9:00:00 AM,RFC,872.928
10/2/2020 12:00:00 PM,10/2/2020 8:00:00 AM,RFC,1200.532
10/2/2020 11:00:00 AM,10/2/2020 7:00:00 AM,RFC,1416.052
10/2/2020 10:00:00 AM,10/2/2020 6:00:00 AM,RFC,1472.684
10/2/2020 9:00:00 AM,10/2/2020 5:00:00 AM,RFC,1471.188
10/2/2020 8:00:00 AM,10/2/2020 4:00:00 AM,RFC,1585.801
10/2/2020 7:00:00 AM,10/2/2020 3:00:00 AM,RFC,1732.457
10/2/2020 6:00:00 AM,10/2/2020 2:00:00 AM,RFC,1848.114
10/2/2020 5:00:00 AM,10/2/2020 1:00:00 AM,RFC,1981.500
10/2/2020 4:00:00 AM,10/2/2020 12:00:00 AM,RFC,1980.139
10/2/2020 3:00:00 AM,10/1/2020 11:00:00 PM,RFC,2045.644
10/2/2020 2:00:00 AM,10/1/2020 10:00:00 PM,RFC,2130.296
10/2/2020 1:00:00 AM,10/1/2020 9:00:00 PM,RFC,2243.125
10/2/2020 12:00:00 AM,10/1/2020 8:00:00 PM,RFC,2228.727
10/1/2020 11:00:00 PM,10/1/2020 7:00:00 PM,RFC,2661.496
10/1/2020 10:00:00 PM,10/1/2020 6:00:00 PM,RFC,3337.467
10/1/2020 9:00:00 PM,10/1/2020 5:00:00 PM,RFC,4239.890
10/1/2020 8:00:00 PM,10/1/2020 4:00:00 PM,RFC,4727.349
10/1/2020 7:00:00 PM,10/1/2020 3:00:00 PM,RFC,4757.013
10/1/2020 6:00:00 PM,10/1/2020 2:00:00 PM,RFC,4392.374
10/1/2020 5:00:00 PM,10/1/2020 1:00:00 PM,RFC,3983.141
10/1/2020 4:00:00 PM,10/1/2020 12:00:00 PM,RFC,3330.958
10/1/2020 3:00:00 PM,10/1/2020 11:00:00 AM,RFC,2531.116
10/1/2020 2:00:00 PM,10/1/2020 10:00:00 AM,RFC,2252.111
10/1/2020 1:00:00 PM,10/1/2020 9:00:00 AM,RFC,1934.796
10/1/2020 12:00:00 PM,10/1/2020 8:00:00 AM,RFC,2582.735
10/1/2020 11:00:00 AM,10/1/2020 7:00:00 AM,RFC,2833.511
10/1/2020 10:00:00 AM,10/1/2020 6:00:00 AM,RFC,2836.620
10/1/2020 9:00:00 AM,10/1/2020 5:00:00 AM,RFC,2999.535
10/1/2020 8:00:00 AM,10/1/2020 4:00:00 AM,RFC,2866.706
10/1/2020 7:00:00 AM,10/1/2020 3:00:00 AM,RFC,3032.200
10/1/2020 6:00:00 AM,10/1/2020 2:00:00 AM,RFC,3392.648
10/1/2020 5:00:00 AM,10/1/2020 1:00:00 AM,RFC,4020.880
10/1/2020 4:00:00 AM,10/1/2020 12:00:00 AM,RFC,4313.835
